customer_id,country,city,gender,device,customer_segment,age
CUST00001,UK,Sydney,Female,Tablet,New,31
CUST00002,DE,Sydney,Prefer not to say,Mobile,New,48
CUST00003,MX,Sydney,Male,Tablet,Returning,42
CUST00004,US,LA,Female,Mobile,VIP,45
CUST00005,US,Sydney,Female,Mobile,New,45
CUST00006,US,New York,Male,Mobile,Inactive,65
CUST00007,UK,New York,Female,Desktop,At-Risk,27
CUST00008,UK,Mexico City,Prefer not to say,Mobile,Returning,35
CUST00009,US,New York,Non-binary,Mobile,VIP,55
CUST00010,UK,Mexico City,Male,Mobile,New,59
CUST00011,FR,Toronto,Male,Tablet,Returning,25
CUST00012,DE,London,Female,Tablet,Returning,55
CUST00013,CA,London,Prefer not to say,Desktop,New,52
CUST00014,UK,LA,Male,Tablet,Inactive,57
CUST00015,US,Toronto,Non-binary,Desktop,At-Risk,40
CUST00016,AU,Mexico City,Male,Tablet,Returning,35
CUST00017,FR,Chicago,Non-binary,Mobile,Inactive,19
CUST00018,US,Toronto,Non-binary,Mobile,New,35
CUST00019,UK,New York,Male,Tablet,New,50
CUST00020,US,London,Female,Tablet,At-Risk,36
CUST00021,MX,LA,Female,Tablet,New,55
CUST00022,UK,New York,Non-binary,Desktop,Returning,25
CUST00023,US,LA,Non-binary,Tablet,New,65
CUST00024,AU,Toronto,Female,Mobile,Inactive,25
CUST00025,US,Paris,Female,Desktop,Inactive,65
CUST00026,MX,Toronto,Female,Desktop,At-Risk,18
CUST00027,US,Paris,Non-binary,Desktop,VIP,21
CUST00028,FR,Mexico City,Non-binary,Mobile,Returning,55
CUST00029,DE,Paris,Non-binary,Tablet,New,35
CUST00030,DE,Toronto,Non-binary,Mobile,New,64
CUST00031,UK,Toronto,Non-binary,Desktop,VIP,57
CUST00032,DE,LA,Non-binary,Tablet,VIP,41
CUST00033,CA,Mexico City,Female,Mobile,VIP,45
CUST00034,FR,London,Prefer not to say,Tablet,Inactive,80
CUST00035,CA,Berlin,Prefer not to say,Desktop,Returning,25
CUST00036,UK,Chicago,Male,Desktop,At-Risk,45
CUST00037,DE,Toronto,Non-binary,Mobile,New,39
CUST00038,US,Sydney,Male,Desktop,New,20
CUST00039,US,Sydney,Prefer not to say,Mobile,VIP,71
CUST00040,US,Toronto,Female,Tablet,At-Risk,18
CUST00041,UK,LA,Prefer not to say,Mobile,Inactive,25
CUST00042,UK,Sydney,Prefer not to say,Tablet,Returning,55
CUST00043,UK,London,Prefer not to say,Tablet,At-Risk,36
CUST00044,US,London,Non-binary,Desktop,New,68
CUST00045,US,Chicago,Female,Mobile,New,25
CUST00046,UK,Toronto,Prefer not to say,Desktop,Returning,45
CUST00047,US,New York,Non-binary,Desktop,Returning,64
CUST00048,UK,Toronto,Prefer not to say,Mobile,VIP,65
CUST00049,US,Paris,Female,Desktop,Returning,45
CUST00050,UK,New York,Male,Tablet,Inactive,22
CUST00051,US,Berlin,Female,Desktop,New,18
CUST00052,CA,LA,Prefer not to say,Mobile,New,45
CUST00053,CA,New York,Male,Mobile,VIP,25
CUST00054,US,LA,Female,Desktop,New,32
CUST00055,US,LA,Female,Desktop,Returning,57
CUST00056,CA,Paris,Prefer not to say,Tablet,VIP,55
CUST00057,AU,London,Male,Tablet,New,68
CUST00058,UK,LA,Non-binary,Mobile,VIP,45
CUST00059,MX,Sydney,Female,Desktop,Returning,42
CUST00060,FR,Mexico City,Prefer not to say,Desktop,Returning,35
CUST00061,CA,LA,Non-binary,Desktop,At-Risk,35
CUST00062,DE,New York,Prefer not to say,Desktop,Returning,78
CUST00063,CA,London,Male,Tablet,Returning,40
CUST00064,US,Mexico City,Female,Tablet,Returning,70
CUST00065,UK,LA,Non-binary,Mobile,At-Risk,54
CUST00066,CA,Sydney,Non-binary,Desktop,Returning,68
CUST00067,CA,London,Non-binary,Mobile,Returning,65
CUST00068,CA,Chicago,Female,Mobile,VIP,18
CUST00069,UK,LA,Female,Desktop,New,56
CUST00070,CA,Chicago,Non-binary,Mobile,VIP,18
CUST00071,AU,Sydney,Male,Mobile,Returning,25
CUST00072,UK,New York,Non-binary,Desktop,Returning,45
CUST00073,UK,New York,Female,Mobile,Returning,18
CUST00074,US,Paris,Female,Tablet,New,28
CUST00075,CA,London,Male,Tablet,Inactive,55
CUST00076,US,LA,Female,Mobile,New,78
CUST00077,US,Sydney,Non-binary,Mobile,Returning,18
CUST00078,CA,LA,Female,Desktop,At-Risk,65
CUST00079,FR,Mexico City,Female,Tablet,Returning,33
CUST00080,US,London,Non-binary,Desktop,New,18
CUST00081,CA,London,Prefer not to say,Desktop,Returning,72
CUST00082,MX,London,Male,Mobile,Returning,65
CUST00083,DE,London,Male,Mobile,Inactive,18
CUST00084,UK,Paris,Prefer not to say,Mobile,New,36
CUST00085,CA,Chicago,Non-binary,Desktop,VIP,39
CUST00086,MX,LA,Non-binary,Desktop,New,55
CUST00087,UK,Mexico City,Prefer not to say,Desktop,VIP,18
CUST00088,CA,Sydney,Male,Mobile,At-Risk,63
CUST00089,CA,Sydney,Male,Mobile,At-Risk,53
CUST00090,US,Mexico City,Male,Tablet,New,77
CUST00091,US,Chicago,Prefer not to say,Tablet,Inactive,45
CUST00092,CA,Sydney,Female,Desktop,At-Risk,53
CUST00093,US,Chicago,Male,Desktop,Returning,61
CUST00094,UK,London,Non-binary,Tablet,At-Risk,35
CUST00095,US,Berlin,Non-binary,Tablet,Returning,45
CUST00096,UK,Toronto,Prefer not to say,Mobile,At-Risk,35
CUST00097,CA,Paris,Prefer not to say,Tablet,Returning,65
CUST00098,UK,Berlin,Male,Desktop,New,18
CUST00099,US,Chicago,Male,Desktop,New,65
CUST00100,DE,LA,Non-binary,Tablet,Returning,67
CUST00101,,Sydney,Male,Tablet,VIP,65
CUST00102,FR,LA,Prefer not to say,Mobile,Inactive,42
CUST00103,US,London,Male,Mobile,New,45
CUST00104,CA,Toronto,Prefer not to say,Tablet,Returning,37
CUST00105,US,Paris,Female,Desktop,Returning,18
CUST00106,US,Sydney,Non-binary,Tablet,Returning,49
CUST00107,FR,Sydney,Non-binary,Tablet,New,55
CUST00108,AU,London,Female,Desktop,Returning,41
CUST00109,US,London,Non-binary,Mobile,Returning,54
CUST00110,CA,New York,Prefer not to say,Desktop,Returning,18
CUST00111,CA,London,Female,Tablet,Returning,25
CUST00112,US,New York,Non-binary,Tablet,At-Risk,43
CUST00113,CA,Toronto,Female,Tablet,Returning,72
CUST00114,UK,London,Prefer not to say,Desktop,At-Risk,35
CUST00115,UK,Toronto,Prefer not to say,Tablet,New,18
CUST00116,US,Sydney,Non-binary,Tablet,Returning,35
CUST00117,DE,Berlin,Male,Tablet,At-Risk,51
CUST00118,DE,Toronto,Male,Tablet,Returning,62
CUST00119,CA,Chicago,Male,Mobile,Returning,69
CUST00120,US,Chicago,Prefer not to say,Desktop,At-Risk,25
CUST00121,UK,Chicago,Prefer not to say,Tablet,Returning,45
CUST00122,MX,Berlin,Female,Desktop,New,35
CUST00123,US,Berlin,Male,Desktop,Returning,65
CUST00124,UK,New York,Male,Desktop,VIP,18
CUST00125,US,Mexico City,Female,Tablet,At-Risk,18
CUST00126,US,Chicago,Female,Tablet,New,55
CUST00127,FR,Berlin,Female,Tablet,New,22
CUST00128,CA,Paris,Male,Tablet,New,24
CUST00129,CA,Sydney,Female,Tablet,Returning,57
CUST00130,UK,New York,Male,Desktop,Returning,35
CUST00131,FR,Sydney,Male,Mobile,Returning,18
CUST00132,US,Mexico City,Non-binary,Desktop,New,34
CUST00133,UK,LA,Male,Tablet,Returning,55
CUST00134,MX,Paris,Non-binary,Desktop,At-Risk,45
CUST00135,,London,Non-binary,Mobile,Returning,53
CUST00136,US,LA,Non-binary,Mobile,New,18
CUST00137,UK,LA,Prefer not to say,Desktop,Returning,64
CUST00138,AU,London,Non-binary,Mobile,Inactive,19
CUST00139,US,LA,Non-binary,Tablet,Returning,76
CUST00140,DE,Mexico City,Male,Tablet,At-Risk,25
CUST00141,CA,London,Non-binary,Desktop,New,24
CUST00142,DE,Chicago,Male,Mobile,Returning,65
CUST00143,MX,Chicago,Non-binary,Desktop,Returning,45
CUST00144,DE,Chicago,Female,Tablet,At-Risk,18
CUST00145,CA,Sydney,Prefer not to say,Desktop,VIP,48
CUST00146,US,London,Prefer not to say,Tablet,Returning,38
CUST00147,US,New York,Male,Mobile,Inactive,45
CUST00148,CA,New York,Prefer not to say,Tablet,Returning,41
CUST00149,MX,Mexico City,Non-binary,Mobile,VIP,61
CUST00150,MX,LA,Non-binary,Tablet,Returning,18
CUST00151,AU,LA,Prefer not to say,Mobile,Returning,79
CUST00152,DE,Berlin,Male,Desktop,At-Risk,48
CUST00153,MX,LA,Prefer not to say,Desktop,Returning,61
CUST00154,CA,LA,Female,Desktop,New,25
CUST00155,US,London,Female,Mobile,New,25
CUST00156,US,Sydney,Prefer not to say,Tablet,Inactive,25
CUST00157,FR,Berlin,Non-binary,Mobile,Returning,55
CUST00158,UK,London,Male,Desktop,Returning,65
CUST00159,UK,Berlin,Non-binary,Mobile,New,53
CUST00160,DE,Mexico City,Male,Desktop,Returning,59
CUST00161,US,Mexico City,Female,Mobile,Returning,40
CUST00162,AU,Chicago,Male,Mobile,Returning,18
CUST00163,UK,Berlin,Non-binary,Desktop,Returning,58
CUST00164,FR,Berlin,Male,Desktop,New,55
CUST00165,MX,Chicago,Non-binary,Mobile,New,41
CUST00166,CA,Paris,Female,Tablet,Inactive,35
CUST00167,UK,Berlin,Female,Tablet,Returning,45
CUST00168,UK,Paris,Non-binary,Mobile,Returning,18
CUST00169,US,Sydney,Female,Mobile,Inactive,35
CUST00170,CA,Mexico City,Male,Tablet,Returning,18
CUST00171,DE,Chicago,Female,Tablet,New,45
CUST00172,CA,Sydney,Non-binary,Tablet,VIP,75
CUST00173,US,Sydney,Female,Desktop,Inactive,35
CUST00174,UK,Mexico City,Prefer not to say,Mobile,At-Risk,38
CUST00175,US,Sydney,Non-binary,Tablet,New,35
CUST00176,,Chicago,Non-binary,Desktop,New,20
CUST00177,MX,Toronto,Prefer not to say,Desktop,Inactive,24
CUST00178,US,Toronto,Prefer not to say,Mobile,Returning,50
CUST00179,CA,Berlin,Female,Mobile,At-Risk,18
CUST00180,AU,Sydney,Prefer not to say,Tablet,At-Risk,25
CUST00181,CA,Mexico City,Prefer not to say,Mobile,At-Risk,25
CUST00182,CA,Paris,Prefer not to say,Mobile,New,18
CUST00183,UK,Toronto,Female,Desktop,Returning,20
CUST00184,CA,Chicago,Male,Tablet,Returning,25
CUST00185,UK,Mexico City,Male,Desktop,Returning,62
CUST00186,FR,London,Male,Desktop,Inactive,50
CUST00187,US,LA,Non-binary,Mobile,VIP,80
CUST00188,CA,Sydney,Prefer not to say,Tablet,returning,65
CUST00189,AU,Toronto,Male,Mobile,New,52
CUST00190,CA,Mexico City,Prefer not to say,Desktop,Returning,63
CUST00191,CA,New York,Non-binary,Desktop,At-Risk,35
CUST00192,MX,Paris,Non-binary,Mobile,Returning,65
CUST00193,CA,LA,Prefer not to say,Mobile,New,55
CUST00194,UK,LA,Non-binary,Tablet,Returning,35
CUST00195,,Sydney,Non-binary,Desktop,Returning,68
CUST00196,DE,New York,Male,Tablet,New,45
CUST00197,UK,New York,Female,Tablet,VIP,66
CUST00198,US,Berlin,Non-binary,Desktop,At-Risk,25
CUST00199,DE,Berlin,Non-binary,Desktop,VIP,25
CUST00200,UK,London,Female,Mobile,Returning,35
CUST00201,UK,Mexico City,Male,Desktop,Returning,55
CUST00202,UK,London,Prefer not to say,Mobile,Inactive,25
CUST00203,UK,Sydney,Male,Tablet,At-Risk,25
CUST00204,CA,Mexico City,Non-binary,Desktop,New,75
CUST00205,AU,Berlin,Female,Mobile,Returning,65
CUST00206,UK,Berlin,Prefer not to say,Tablet,Returning,19
CUST00207,US,Sydney,Prefer not to say,Desktop,Returning,35
CUST00208,,Sydney,Prefer not to say,Tablet,Returning,35
CUST00209,UK,Chicago,Prefer not to say,Tablet,Returning,71
CUST00210,UK,Chicago,Non-binary,Tablet,Returning,25
CUST00211,CA,Mexico City,Non-binary,Mobile,New,18
CUST00212,UK,Chicago,Female,Mobile,Returning,18
CUST00213,CA,New York,Male,Mobile,New,55
CUST00214,CA,Paris,Male,Desktop,New,65
CUST00215,CA,Sydney,Female,Tablet,Inactive,66
CUST00216,US,Sydney,Prefer not to say,Desktop,New,69
CUST00217,DE,Berlin,Non-binary,Desktop,Returning,25
CUST00218,UK,Sydney,Male,Desktop,Returning,23
CUST00219,US,Paris,Prefer not to say,Mobile,New,24
CUST00220,DE,Chicago,Prefer not to say,Tablet,Returning,68
CUST00221,UK,Paris,Prefer not to say,Mobile,New,24
CUST00222,US,Sydney,Non-binary,Tablet,New,18
CUST00223,US,Paris,Non-binary,Mobile,VIP,42
CUST00224,UK,London,Male,Desktop,Returning,25
CUST00225,CA,LA,Female,Mobile,VIP,55
CUST00226,UK,Toronto,Prefer not to say,Tablet,At-Risk,42
CUST00227,US,Sydney,Prefer not to say,Mobile,Returning,69
CUST00228,CA,Paris,Non-binary,Tablet,Returning,58
CUST00229,UK,London,Prefer not to say,Mobile,VIP,46
CUST00230,US,New York,Prefer not to say,Desktop,Returning,45
CUST00231,DE,Sydney,Female,Tablet,VIP,30
CUST00232,US,LA,Female,Mobile,Returning,18
CUST00233,US,Paris,Prefer not to say,Tablet,VIP,45
CUST00234,UK,Sydney,Prefer not to say,Desktop,Returning,25
CUST00235,UK,London,Prefer not to say,Mobile,Returning,40
CUST00236,UK,London,Non-binary,Tablet,New,37
CUST00237,UK,Mexico City,Non-binary,Desktop,Returning,35
CUST00238,UK,Paris,Non-binary,Mobile,At-Risk,45
CUST00239,AU,Sydney,Non-binary,Tablet,Returning,20
CUST00240,UK,London,Female,Mobile,Inactive,44
CUST00241,US,Mexico City,Female,Tablet,New,25
CUST00242,MX,LA,Female,Mobile,VIP,35
CUST00243,FR,Toronto,Non-binary,Desktop,Returning,45
CUST00244,US,Mexico City,Male,Mobile,Returning,65
CUST00245,MX,London,Male,Mobile,New,51
CUST00246,US,Mexico City,Prefer not to say,Mobile,returning,35
CUST00247,CA,Berlin,Female,Tablet,At-Risk,33
CUST00248,AU,Berlin,Non-binary,Tablet,New,25
CUST00249,DE,Paris,Non-binary,Mobile,At-Risk,65
CUST00250,US,Toronto,Male,Desktop,Returning,25
CUST00251,CA,New York,Non-binary,Tablet,Returning,35
CUST00252,US,London,Female,Desktop,New,65
CUST00253,CA,London,Non-binary,Tablet,New,65
CUST00254,UK,Berlin,Prefer not to say,Tablet,Returning,33
CUST00255,FR,LA,Prefer not to say,Tablet,At-Risk,33
CUST00256,DE,Mexico City,Female,Tablet,New,19
CUST00257,CA,Toronto,Prefer not to say,Mobile,Returning,55
CUST00258,US,Paris,Prefer not to say,Tablet,New,45
CUST00259,FR,Paris,Non-binary,Mobile,VIP,37
CUST00260,US,LA,Male,Mobile,Returning,45
CUST00261,,Chicago,Prefer not to say,Desktop,New,45
CUST00262,MX,Mexico City,Female,Tablet,New,45
CUST00263,US,Chicago,Female,Mobile,Returning,58
CUST00264,UK,Paris,Prefer not to say,Mobile,VIP,76
CUST00265,US,LA,Male,Tablet,New,35
CUST00266,US,New York,Prefer not to say,Tablet,New,25
CUST00267,US,Sydney,Female,Tablet,New,65
CUST00268,UK,Berlin,Non-binary,Mobile,New,35
CUST00269,UK,London,Male,Tablet,Returning,25
CUST00270,FR,Sydney,Male,Desktop,Returning,65
CUST00271,MX,Paris,Prefer not to say,Mobile,Returning,61
CUST00272,UK,Toronto,Non-binary,Tablet,New,45
CUST00273,UK,Mexico City,Female,Desktop,Inactive,45
CUST00274,CA,Sydney,Non-binary,Mobile,New,65
CUST00275,US,New York,Male,Mobile,Returning,35
CUST00276,UK,Berlin,Non-binary,Mobile,Returning,27
CUST00277,,Toronto,Prefer not to say,Mobile,Inactive,45
CUST00278,MX,Berlin,Non-binary,Desktop,Returning,45
CUST00279,UK,Sydney,Non-binary,Mobile,At-Risk,18
CUST00280,US,Chicago,Male,Desktop,At-Risk,55
CUST00281,AU,Toronto,Non-binary,Mobile,New,45
CUST00282,UK,Berlin,Non-binary,Desktop,VIP,55
CUST00283,AU,Mexico City,Prefer not to say,Mobile,New,38
CUST00284,US,LA,Male,Mobile,New,55
CUST00285,US,New York,Female,Tablet,VIP,21
CUST00286,DE,Sydney,Prefer not to say,Mobile,VIP,65
CUST00287,MX,London,Non-binary,Mobile,New,18
CUST00288,MX,LA,Female,Mobile,New,27
CUST00289,CA,Paris,Male,Desktop,New,35
CUST00290,DE,Toronto,Non-binary,Tablet,Inactive,25
CUST00291,FR,Paris,Prefer not to say,Tablet,New,18
CUST00292,US,Sydney,Prefer not to say,Tablet,New,65
CUST00293,US,Toronto,Female,Tablet,Inactive,55
CUST00294,CA,London,Male,Mobile,Inactive,23
CUST00295,US,Paris,Male,Desktop,New,56
CUST00296,DE,Mexico City,Non-binary,Desktop,VIP,45
CUST00297,UK,New York,Male,Desktop,Inactive,65
CUST00298,DE,Paris,Non-binary,Mobile,Inactive,57
CUST00299,UK,Paris,Prefer not to say,Mobile,Returning,33
CUST00300,MX,London,Female,Tablet,At-Risk,18
CUST00301,US,Chicago,Prefer not to say,Desktop,VIP,45
CUST00302,US,London,Male,Mobile,Returning,35
CUST00303,UK,Paris,Male,Mobile,Returning,55
CUST00304,US,Berlin,Prefer not to say,Mobile,Returning,55
CUST00305,US,Toronto,Female,Tablet,Inactive,80
CUST00306,CA,Chicago,Male,Mobile,New,38
CUST00307,CA,Berlin,Non-binary,Mobile,At-Risk,52
CUST00308,DE,LA,Female,Desktop,New,62
CUST00309,DE,Berlin,Prefer not to say,Desktop,At-Risk,45
CUST00310,US,Toronto,Prefer not to say,Desktop,Returning,35
CUST00311,CA,Sydney,Female,Desktop,VIP,65
CUST00312,CA,Toronto,Female,Tablet,Inactive,18
CUST00313,AU,Toronto,Prefer not to say,Desktop,Inactive,45
CUST00314,MX,London,Female,Desktop,Returning,65
CUST00315,MX,Sydney,Prefer not to say,Tablet,Returning,24
CUST00316,UK,Berlin,Male,Mobile,At-Risk,18
CUST00317,FR,New York,Prefer not to say,Desktop,New,35
CUST00318,US,Mexico City,Female,Desktop,New,18
CUST00319,FR,Chicago,Non-binary,Mobile,VIP,55
CUST00320,MX,Chicago,Non-binary,Desktop,New,18
CUST00321,UK,LA,Prefer not to say,Tablet,Returning,45
CUST00322,US,LA,Male,Desktop,New,35
CUST00323,US,Chicago,Female,Desktop,New,65
CUST00324,US,Chicago,Prefer not to say,Desktop,Returning,45
CUST00325,US,Paris,Male,Tablet,Returning,45
CUST00326,AU,Mexico City,Female,Desktop,Returning,18
CUST00327,US,Sydney,Non-binary,Tablet,VIP,35
CUST00328,DE,Sydney,Female,Tablet,Returning,18
CUST00329,DE,Berlin,Male,Mobile,VIP,20
CUST00330,CA,Paris,Prefer not to say,Tablet,New,80
CUST00331,MX,Mexico City,Female,Tablet,Returning,25
CUST00332,US,Sydney,Male,Desktop,Returning,25
CUST00333,US,Mexico City,Prefer not to say,Desktop,At-Risk,29
CUST00334,AU,LA,Male,Mobile,Returning,45
CUST00335,US,Sydney,Prefer not to say,Tablet,New,57
CUST00336,US,Berlin,Male,Tablet,At-Risk,43
CUST00337,MX,Toronto,Non-binary,Mobile,VIP,22
CUST00338,US,LA,Female,Mobile,At-Risk,45
CUST00339,AU,Paris,Female,Tablet,At-Risk,35
CUST00340,US,London,Female,Desktop,Returning,55
CUST00341,DE,Mexico City,Male,Mobile,Inactive,37
CUST00342,CA,Chicago,Female,Mobile,New,76
CUST00343,FR,London,Prefer not to say,Desktop,Returning,45
CUST00344,US,London,Non-binary,Desktop,Returning,45
CUST00345,DE,LA,Prefer not to say,Tablet,At-Risk,24
CUST00346,US,Paris,Female,Desktop,Returning,55
CUST00347,CA,Sydney,Non-binary,Tablet,Returning,55
CUST00348,US,Sydney,Male,Mobile,At-Risk,65
CUST00349,UK,Paris,Female,Tablet,Inactive,18
CUST00350,CA,London,Male,Tablet,At-Risk,26
CUST00351,CA,Chicago,Male,Desktop,Inactive,65
CUST00352,US,LA,Male,Mobile,VIP,45
CUST00353,DE,Sydney,Male,Mobile,Returning,30
CUST00354,MX,LA,Female,Desktop,New,65
CUST00355,US,London,Female,Desktop,Returning,35
CUST00356,FR,New York,Female,Desktop,New,25
CUST00357,FR,Paris,Prefer not to say,Mobile,New,78
CUST00358,US,Berlin,Prefer not to say,Desktop,VIP,62
CUST00359,FR,London,Male,Tablet,New,18
CUST00360,UK,Paris,Non-binary,Tablet,Returning,55
CUST00361,MX,LA,Male,Desktop,New,18
CUST00362,MX,Mexico City,Female,Desktop,Returning,55
CUST00363,DE,Toronto,Male,Mobile,New,24
CUST00364,CA,Paris,Prefer not to say,Tablet,VIP,75
CUST00365,UK,London,Male,Desktop,Returning,64
CUST00366,US,LA,Non-binary,Tablet,Returning,56
CUST00367,US,Paris,Male,Desktop,New,25
CUST00368,CA,Chicago,Male,Mobile,VIP,65
CUST00369,US,Mexico City,Non-binary,Mobile,Inactive,45
CUST00370,,New York,Non-binary,Desktop,At-Risk,18
CUST00371,CA,LA,Prefer not to say,Desktop,Inactive,73
CUST00372,UK,Chicago,Non-binary,Mobile,New,60
CUST00373,AU,Mexico City,Male,Mobile,New,24
CUST00374,US,Chicago,Female,Mobile,Returning,45
CUST00375,MX,Paris,Non-binary,Desktop,Returning,31
CUST00376,CA,New York,Female,Mobile,Returning,19
CUST00377,MX,London,Non-binary,Desktop,At-Risk,20
CUST00378,US,London,Female,Desktop,New,36
CUST00379,US,Toronto,Female,Mobile,Inactive,73
CUST00380,US,New York,Non-binary,Mobile,Returning,62
CUST00381,AU,Toronto,Female,Desktop,Returning,65
CUST00382,AU,Toronto,Prefer not to say,Tablet,New,44
CUST00383,AU,Mexico City,Female,Tablet,Returning,24
CUST00384,DE,Chicago,Female,Desktop,New,63
CUST00866,US,LA,Male,Tablet,VIP,35
CUST00385,AU,Sydney,Non-binary,Mobile,Returning,68
CUST00386,DE,Chicago,Prefer not to say,Desktop,New,22
CUST00387,UK,Toronto,Prefer not to say,Desktop,Inactive,35
CUST00388,US,London,Male,Mobile,At-Risk,25
CUST00389,US,Berlin,Prefer not to say,Tablet,New,65
CUST00390,CA,Paris,Prefer not to say,Tablet,New,25
CUST00391,US,Chicago,Male,Mobile,New,51
CUST00392,US,LA,Non-binary,Mobile,Returning,46
CUST00393,FR,LA,Non-binary,Mobile,At-Risk,46
CUST00394,US,Paris,Prefer not to say,Mobile,Returning,61
CUST00395,US,Chicago,Non-binary,Desktop,New,35
CUST00396,DE,London,Prefer not to say,Desktop,Returning,57
CUST00397,US,Chicago,Prefer not to say,Mobile,New,18
CUST00398,FR,Paris,Non-binary,Desktop,At-Risk,64
CUST00399,DE,London,Female,Mobile,Returning,60
CUST00400,US,Sydney,Non-binary,Tablet,New,35
CUST00401,US,Mexico City,Male,Mobile,New,65
CUST00402,US,Berlin,Non-binary,Tablet,New,30
CUST00403,CA,Toronto,Prefer not to say,Tablet,Returning,55
CUST00404,US,Toronto,Male,Tablet,New,21
CUST00405,DE,Berlin,Female,Desktop,At-Risk,34
CUST00406,DE,LA,Non-binary,Mobile,Inactive,65
CUST00407,MX,London,Non-binary,Mobile,New,60
CUST00408,FR,Chicago,Non-binary,Mobile,Returning,49
CUST00409,MX,London,Female,Mobile,VIP,35
CUST00410,MX,Berlin,Female,Tablet,New,55
CUST00411,,Toronto,Non-binary,Desktop,VIP,39
CUST00412,AU,Berlin,Prefer not to say,Mobile,Returning,76
CUST00413,AU,LA,Male,Mobile,Returning,21
CUST00414,US,Paris,Non-binary,Tablet,Returning,49
CUST00415,DE,Toronto,Female,Desktop,At-Risk,71
CUST00416,US,LA,Male,Desktop,New,38
CUST00417,AU,LA,Non-binary,Tablet,Returning,18
CUST00418,US,Chicago,Prefer not to say,Mobile,Inactive,45
CUST00419,US,Mexico City,Non-binary,Tablet,Returning,25
CUST00420,US,Mexico City,Prefer not to say,Mobile,Returning,18
CUST00421,MX,Sydney,Female,Mobile,New,21
CUST00422,FR,Sydney,Male,Desktop,Inactive,36
CUST00423,UK,Mexico City,Prefer not to say,Mobile,New,76
CUST00424,US,Sydney,Prefer not to say,Desktop,New,45
CUST00425,US,LA,Male,Tablet,At-Risk,27
CUST00426,DE,Paris,Prefer not to say,Tablet,Returning,25
CUST00427,US,Paris,Male,Tablet,New,52
CUST00428,FR,Sydney,Female,Mobile,New,55
CUST00429,US,Paris,Female,Tablet,Returning,18
CUST00430,CA,LA,Male,Desktop,Inactive,74
CUST00431,CA,New York,Prefer not to say,Mobile,Returning,41
CUST00432,DE,LA,Male,Tablet,Returning,64
CUST00433,UK,London,Prefer not to say,Tablet,At-Risk,39
CUST00434,UK,Paris,Female,Tablet,New,18
CUST00435,MX,Berlin,Female,Mobile,Returning,18
CUST00436,CA,London,Non-binary,Desktop,Returning,23
CUST00437,FR,Toronto,Female,Desktop,Inactive,18
CUST00438,CA,LA,Female,Desktop,VIP,43
CUST00439,UK,Mexico City,Female,Mobile,At-Risk,35
CUST00440,MX,Mexico City,Male,Mobile,At-Risk,25
CUST00441,US,Berlin,Female,Desktop,Returning,18
CUST00442,MX,New York,Female,Desktop,Inactive,65
CUST00443,US,Berlin,Non-binary,Mobile,Returning,45
CUST00444,US,New York,Female,Tablet,New,35
CUST00445,FR,London,Prefer not to say,Tablet,VIP,30
CUST00446,UK,New York,Female,Desktop,Returning,33
CUST00447,AU,Paris,Non-binary,Desktop,New,72
CUST00448,CA,Paris,Male,Mobile,Returning,77
CUST00449,UK,London,Non-binary,Tablet,Returning,65
CUST00450,CA,London,Non-binary,Tablet,Returning,35
CUST00451,US,Toronto,Male,Tablet,Returning,31
CUST00452,FR,Sydney,Non-binary,Desktop,VIP,29
CUST00453,AU,Toronto,Non-binary,Tablet,Returning,23
CUST00454,UK,Berlin,Non-binary,Mobile,At-Risk,65
CUST00455,US,Chicago,Non-binary,Tablet,New,35
CUST00456,FR,Toronto,Non-binary,Mobile,VIP,37
CUST00457,CA,Sydney,Male,Desktop,Returning,35
CUST00458,DE,Toronto,Male,Tablet,New,55
CUST00459,MX,Chicago,Female,Mobile,At-Risk,22
CUST00460,UK,Chicago,Male,Desktop,Returning,30
CUST00461,CA,Sydney,Non-binary,Mobile,New,65
CUST00462,US,LA,Female,Tablet,At-Risk,45
CUST00463,MX,Paris,Male,Mobile,Inactive,45
CUST00464,US,Mexico City,Female,Mobile,At-Risk,38
CUST00465,AU,Berlin,Non-binary,Mobile,New,25
CUST00466,DE,New York,Non-binary,Desktop,New,44
CUST00467,DE,Chicago,Non-binary,Desktop,Returning,64
CUST00468,MX,Chicago,Female,Tablet,New,18
CUST00469,US,New York,Prefer not to say,Tablet,Returning,24
CUST00470,US,LA,Male,Mobile,Inactive,58
CUST00471,UK,London,Prefer not to say,Tablet,New,45
CUST00472,FR,Paris,Male,Tablet,New,65
CUST00473,DE,LA,Male,Desktop,New,78
CUST00474,US,London,Female,Desktop,New,59
CUST00475,US,Toronto,Prefer not to say,Desktop,Returning,24
CUST00476,FR,Sydney,Female,Mobile,Inactive,19
CUST00477,AU,London,Female,Desktop,New,74
CUST00478,UK,Chicago,Male,Desktop,New,23
CUST00479,MX,New York,Male,Mobile,New,65
CUST00480,CA,London,Male,Desktop,At-Risk,35
CUST00481,US,Sydney,Non-binary,Desktop,Returning,46
CUST00482,FR,New York,Female,Mobile,New,28
CUST00483,DE,Paris,Non-binary,Tablet,Returning,79
CUST00484,UK,Paris,Prefer not to say,Mobile,New,45
CUST00485,CA,Mexico City,Female,Tablet,VIP,19
CUST00486,AU,Paris,Female,Desktop,Returning,67
CUST00487,FR,Mexico City,Male,Mobile,New,54
CUST00488,UK,LA,Prefer not to say,Desktop,At-Risk,45
CUST00489,US,Paris,Prefer not to say,Mobile,New,62
CUST00490,DE,Sydney,Prefer not to say,Desktop,New,45
CUST00491,US,New York,Male,Mobile,Returning,18
CUST00492,FR,Mexico City,Female,Tablet,At-Risk,35
CUST00493,CA,Sydney,Non-binary,Tablet,At-Risk,24
CUST00494,UK,Sydney,Male,Mobile,VIP,65
CUST00495,CA,London,Non-binary,Tablet,Inactive,65
CUST00496,UK,Paris,Male,Desktop,At-Risk,28
CUST00497,US,Toronto,Non-binary,Mobile,New,52
CUST00498,FR,Sydney,Prefer not to say,Tablet,Returning,76
CUST00499,UK,New York,Prefer not to say,Tablet,Returning,18
CUST00500,AU,Chicago,Male,Desktop,New,57
CUST00501,CA,Paris,Female,Desktop,At-Risk,55
CUST00502,UK,Mexico City,Non-binary,Tablet,New,25
CUST00503,AU,Toronto,Female,Tablet,Returning,55
CUST00504,CA,Chicago,Non-binary,Tablet,New,75
CUST00505,UK,Paris,Non-binary,Desktop,Returning,55
CUST00506,US,New York,Male,Mobile,Returning,18
CUST00507,FR,New York,Non-binary,Mobile,New,37
CUST00508,CA,Mexico City,Female,Tablet,New,45
CUST00509,US,London,Male,Desktop,At-Risk,55
CUST00510,CA,London,Female,Tablet,New,55
CUST00511,FR,Berlin,Female,Tablet,VIP,74
CUST00512,US,Chicago,Male,Desktop,New,75
CUST00513,UK,London,Male,Desktop,New,35
CUST00514,US,New York,Non-binary,Desktop,Inactive,27
CUST00515,CA,Berlin,Female,Mobile,At-Risk,19
CUST00516,US,Paris,Male,Desktop,Returning,47
CUST00517,CA,Toronto,Prefer not to say,Tablet,Returning,41
CUST00518,US,Toronto,Female,Mobile,Returning,65
CUST00519,US,London,Male,Tablet,New,54
CUST00520,UK,London,Female,Desktop,Returning,52
CUST00521,US,LA,Female,Tablet,Returning,55
CUST00522,MX,Paris,Male,Tablet,New,19
CUST00523,UK,LA,Male,Mobile,Returning,74
CUST00524,US,London,Prefer not to say,Desktop,At-Risk,56
CUST00525,MX,LA,Male,Tablet,New,35
CUST00526,AU,LA,Non-binary,Tablet,New,63
CUST00527,CA,Sydney,Prefer not to say,Desktop,New,61
CUST00528,UK,Chicago,Prefer not to say,Tablet,Returning,28
CUST00529,CA,Berlin,Male,Tablet,At-Risk,74
CUST00530,US,Paris,Male,Desktop,New,22
CUST00531,US,Mexico City,Female,Mobile,Inactive,45
CUST00532,CA,New York,Prefer not to say,Tablet,returning,25
CUST00533,FR,Toronto,Prefer not to say,Desktop,New,21
CUST00534,FR,LA,Female,Desktop,New,33
CUST00535,DE,Chicago,Non-binary,Desktop,Returning,65
CUST00536,US,Toronto,Prefer not to say,Desktop,New,35
CUST00537,FR,Sydney,Prefer not to say,Desktop,Returning,68
CUST00538,UK,LA,Non-binary,Mobile,New,18
CUST00539,CA,LA,Male,Mobile,At-Risk,65
CUST00540,US,Toronto,Male,Tablet,Returning,63
CUST00541,UK,Berlin,Prefer not to say,Mobile,At-Risk,65
CUST00542,US,LA,Prefer not to say,Desktop,Returning,47
CUST00543,US,Mexico City,Female,Desktop,VIP,55
CUST00544,DE,Chicago,Prefer not to say,Desktop,At-Risk,65
CUST00545,US,Toronto,Male,Tablet,New,18
CUST00546,MX,New York,Male,Tablet,Inactive,46
CUST00547,,London,Female,Desktop,At-Risk,65
CUST00548,DE,LA,Non-binary,Desktop,At-Risk,71
CUST00549,MX,Berlin,Prefer not to say,Desktop,At-Risk,35
CUST00550,UK,Toronto,Male,Tablet,Returning,31
CUST00551,US,LA,Female,Desktop,New,25
CUST00552,UK,Toronto,Female,Tablet,Returning,65
CUST00553,US,Chicago,Female,Tablet,New,18
CUST00554,US,Chicago,Prefer not to say,Tablet,New,24
CUST00555,US,London,Male,Mobile,VIP,77
CUST00556,UK,Paris,Female,Tablet,New,25
CUST00557,FR,Berlin,Prefer not to say,Tablet,New,63
CUST00558,MX,New York,Female,Tablet,New,47
CUST00559,MX,Chicago,Prefer not to say,Tablet,Returning,33
CUST00560,UK,Chicago,Male,Tablet,New,18
CUST00561,MX,Mexico City,Prefer not to say,Mobile,At-Risk,35
CUST00562,CA,LA,Prefer not to say,Mobile,At-Risk,55
CUST00563,US,Mexico City,Prefer not to say,Desktop,Returning,38
CUST00564,AU,LA,Male,Desktop,Returning,18
CUST00565,CA,Chicago,Prefer not to say,Tablet,Returning,50
CUST00566,UK,London,Prefer not to say,Mobile,Returning,47
CUST00567,UK,Mexico City,Prefer not to say,Desktop,Returning,25
CUST00568,AU,LA,Female,Desktop,VIP,45
CUST00569,UK,Mexico City,Male,Mobile,At-Risk,45
CUST00570,US,Paris,Male,Mobile,Returning,27
CUST00571,US,Paris,Prefer not to say,Tablet,New,55
CUST00572,AU,Chicago,Prefer not to say,Desktop,New,55
CUST00573,UK,Mexico City,Female,Tablet,New,38
CUST00574,CA,Chicago,Male,Desktop,VIP,27
CUST00575,MX,Mexico City,Male,Tablet,Returning,54
CUST00576,UK,Mexico City,Non-binary,Desktop,VIP,35
CUST00577,US,New York,Non-binary,Mobile,Inactive,45
CUST00578,UK,Berlin,Male,Tablet,Returning,20
CUST00579,DE,Paris,Prefer not to say,Mobile,VIP,43
CUST00580,UK,Sydney,Male,Desktop,At-Risk,58
CUST00581,US,Berlin,Prefer not to say,Desktop,VIP,65
CUST00582,AU,LA,Prefer not to say,Tablet,New,35
CUST00583,UK,Berlin,Female,Tablet,Returning,28
CUST00584,US,Toronto,Female,Desktop,VIP,49
CUST00585,US,LA,Male,Mobile,Returning,61
CUST00586,DE,Mexico City,Male,Desktop,At-Risk,18
CUST00587,UK,Sydney,Female,Tablet,At-Risk,61
CUST00588,DE,Paris,Prefer not to say,Tablet,New,25
CUST00589,MX,Sydney,Male,Tablet,At-Risk,74
CUST00590,AU,Toronto,Prefer not to say,Tablet,New,18
CUST00591,DE,London,Female,Desktop,New,35
CUST00592,CA,Toronto,Prefer not to say,Tablet,Returning,25
CUST00593,MX,Chicago,Female,Mobile,Returning,39
CUST00594,UK,Toronto,Female,Tablet,At-Risk,45
CUST00595,US,Mexico City,Non-binary,Desktop,Returning,45
CUST00596,DE,Chicago,Male,Mobile,Returning,22
CUST00597,FR,Berlin,Non-binary,Desktop,Returning,18
CUST00598,CA,LA,Non-binary,Tablet,New,36
CUST00599,DE,Mexico City,Female,Desktop,Returning,55
CUST00600,UK,Sydney,Male,Desktop,At-Risk,45
CUST00601,FR,Berlin,Prefer not to say,Tablet,At-Risk,34
CUST00602,US,Toronto,Non-binary,Desktop,New,18
CUST00603,CA,London,Prefer not to say,Desktop,Returning,55
CUST00604,UK,New York,Female,Tablet,New,50
CUST00605,AU,Toronto,Female,Desktop,VIP,71
CUST00606,UK,Paris,Male,Mobile,New,62
CUST00607,US,Paris,Non-binary,Mobile,Inactive,65
CUST00608,UK,Mexico City,Female,Mobile,New,73
CUST00609,CA,Mexico City,Non-binary,Tablet,Returning,46
CUST00610,UK,Sydney,Prefer not to say,Tablet,returning,25
CUST00611,CA,Toronto,Male,Desktop,Returning,35
CUST00612,CA,New York,Female,Desktop,Returning,29
CUST00613,US,Sydney,Non-binary,Mobile,Inactive,65
CUST00614,DE,Mexico City,Non-binary,Mobile,At-Risk,25
CUST00615,MX,Paris,Prefer not to say,Mobile,New,25
CUST00616,FR,London,Non-binary,Tablet,Returning,27
CUST00617,MX,Chicago,Female,Desktop,At-Risk,32
CUST00618,DE,Sydney,Female,Desktop,New,45
CUST00619,UK,LA,Non-binary,Desktop,New,18
CUST00620,AU,Chicago,Male,Desktop,New,21
CUST00621,CA,Sydney,Male,Desktop,Inactive,45
CUST00622,CA,Sydney,Female,Mobile,New,45
CUST00623,US,Toronto,Prefer not to say,Desktop,Inactive,18
CUST00624,US,LA,Female,Desktop,VIP,45
CUST00625,,New York,Male,Desktop,Returning,25
CUST00626,US,Toronto,Male,Mobile,At-Risk,35
CUST00627,US,LA,Prefer not to say,Mobile,At-Risk,25
CUST00628,AU,Chicago,Non-binary,Mobile,VIP,50
CUST00629,US,New York,Male,Desktop,Returning,65
CUST00630,UK,Toronto,Non-binary,Tablet,New,18
CUST00631,UK,Paris,Non-binary,Tablet,New,74
CUST00632,UK,London,Prefer not to say,Mobile,Returning,74
CUST00633,CA,London,Female,Mobile,VIP,37
CUST00634,CA,Sydney,Male,Tablet,Returning,35
CUST00635,US,Toronto,Non-binary,Tablet,At-Risk,57
CUST00636,MX,Sydney,Female,Tablet,Returning,25
CUST00637,FR,Mexico City,Male,Mobile,New,35
CUST00638,US,Toronto,Male,Mobile,New,25
CUST00639,FR,London,Male,Desktop,Returning,45
CUST00640,US,LA,Prefer not to say,Tablet,VIP,25
CUST00641,AU,New York,Non-binary,Tablet,At-Risk,45
CUST00642,CA,Mexico City,Male,Mobile,Inactive,18
CUST00643,,Toronto,Female,Tablet,New,25
CUST00644,AU,Berlin,Prefer not to say,Tablet,At-Risk,22
CUST00645,US,Mexico City,Non-binary,Tablet,Returning,33
CUST00646,UK,Mexico City,Non-binary,Desktop,Inactive,35
CUST00647,AU,Mexico City,Female,Desktop,Returning,35
CUST00648,CA,Paris,Male,Tablet,Returning,52
CUST00649,US,London,Male,Desktop,New,55
CUST00650,US,Mexico City,Female,Mobile,At-Risk,65
CUST00651,US,Toronto,Female,Desktop,New,29
CUST00652,DE,Toronto,Male,Tablet,Returning,50
CUST00653,UK,LA,Non-binary,Mobile,VIP,65
CUST00654,US,Paris,Prefer not to say,Mobile,Returning,35
CUST00655,DE,Paris,Male,Desktop,Returning,18
CUST00656,UK,Mexico City,Female,Mobile,New,55
CUST00657,UK,LA,Female,Desktop,Returning,59
CUST00658,US,New York,Prefer not to say,Desktop,New,38
CUST00659,MX,Chicago,Prefer not to say,Tablet,New,65
CUST00660,FR,Mexico City,Female,Mobile,New,55
CUST00661,CA,LA,Male,Tablet,Inactive,65
CUST00662,CA,New York,Non-binary,Mobile,Returning,33
CUST00663,DE,Toronto,Female,Tablet,Returning,26
CUST00664,US,Chicago,Non-binary,Mobile,New,65
CUST00665,,Berlin,Female,Tablet,Returning,45
CUST00666,UK,Mexico City,Prefer not to say,Tablet,At-Risk,55
CUST00667,AU,Mexico City,Male,Desktop,New,78
CUST00668,US,New York,Prefer not to say,Tablet,Returning,79
CUST00669,MX,Berlin,Male,Mobile,New,65
CUST00670,US,LA,Non-binary,Desktop,Returning,45
CUST00671,US,Sydney,Male,Mobile,New,25
CUST00672,CA,Chicago,Male,Desktop,Returning,50
CUST00673,FR,Mexico City,Non-binary,Mobile,New,35
CUST00674,US,Toronto,Female,Desktop,Inactive,57
CUST00675,US,Mexico City,Female,Desktop,VIP,18
CUST00676,MX,Berlin,Prefer not to say,Tablet,Inactive,43
CUST00677,US,Toronto,Female,Desktop,Returning,55
CUST00678,US,Chicago,Female,Desktop,Inactive,45
CUST00679,AU,Chicago,Male,Desktop,New,23
CUST00680,CA,London,Female,Mobile,VIP,45
CUST00681,US,Toronto,Female,Mobile,Returning,59
CUST00682,US,Chicago,Prefer not to say,Tablet,At-Risk,65
CUST00683,MX,Chicago,Female,Mobile,Returning,54
CUST00684,CA,Toronto,Female,Mobile,New,48
CUST00685,UK,Sydney,Female,Desktop,Returning,65
CUST00686,AU,Paris,Male,Tablet,VIP,52
CUST00687,US,Paris,Male,Tablet,Returning,25
CUST00688,US,Paris,Non-binary,Desktop,New,26
CUST00689,CA,Mexico City,Female,Desktop,Inactive,59
CUST00690,US,Chicago,Female,Desktop,Returning,73
CUST00691,US,Toronto,Prefer not to say,Mobile,Returning,25
CUST00692,FR,LA,Male,Mobile,At-Risk,80
CUST00693,CA,Paris,Female,Desktop,Returning,20
CUST00694,US,Chicago,Female,Mobile,Returning,40
CUST00695,MX,Sydney,Non-binary,Tablet,Returning,35
CUST00696,US,London,Male,Desktop,Returning,18
CUST00697,US,Toronto,Female,Tablet,At-Risk,55
CUST00698,MX,New York,Female,Tablet,New,45
CUST00699,UK,Chicago,Male,Tablet,New,28
CUST00700,US,London,Non-binary,Mobile,Returning,65
CUST00701,US,Mexico City,Female,Desktop,VIP,25
CUST00702,US,Paris,Male,Desktop,Returning,35
CUST00703,CA,London,Non-binary,Tablet,New,46
CUST00704,AU,LA,Male,Desktop,Returning,27
CUST00705,AU,Berlin,Non-binary,Tablet,Returning,39
CUST00706,US,Mexico City,Prefer not to say,Desktop,Returning,63
CUST00707,US,Toronto,Male,Mobile,New,65
CUST00708,US,Paris,Prefer not to say,Mobile,At-Risk,65
CUST00709,FR,Toronto,Non-binary,Desktop,New,32
CUST00710,CA,New York,Male,Tablet,Returning,55
CUST00711,AU,New York,Female,Mobile,Returning,59
CUST00712,UK,Chicago,Prefer not to say,Mobile,At-Risk,45
CUST00713,CA,Paris,Male,Tablet,At-Risk,52
CUST00714,CA,Toronto,Non-binary,Desktop,Returning,55
CUST00715,US,Mexico City,Female,Tablet,Inactive,35
CUST00716,DE,London,Non-binary,Tablet,At-Risk,18
CUST00717,US,Berlin,Prefer not to say,Desktop,At-Risk,46
CUST00718,US,New York,Female,Mobile,Returning,24
CUST00719,UK,Berlin,Prefer not to say,Tablet,New,55
CUST00720,CA,LA,Female,Mobile,At-Risk,29
CUST00721,MX,LA,Male,Desktop,At-Risk,74
CUST00722,DE,New York,Male,Tablet,Returning,18
CUST00723,US,Toronto,Non-binary,Mobile,At-Risk,63
CUST00724,UK,LA,Non-binary,Mobile,At-Risk,35
CUST00725,US,LA,Female,Tablet,Returning,55
CUST00726,CA,London,Female,Mobile,Inactive,25
CUST00727,CA,Chicago,Male,Desktop,Returning,56
CUST00728,US,Paris,Prefer not to say,Mobile,New,53
CUST00729,FR,Berlin,Non-binary,Desktop,VIP,65
CUST00730,UK,Sydney,Female,Mobile,Inactive,24
CUST00731,US,Sydney,Prefer not to say,Mobile,Returning,45
CUST00732,DE,Paris,Female,Tablet,Inactive,35
CUST00733,CA,LA,Prefer not to say,Mobile,Returning,51
CUST00734,US,Chicago,Male,Desktop,At-Risk,40
CUST00735,CA,London,Prefer not to say,Desktop,Returning,55
CUST00736,DE,Sydney,Prefer not to say,Mobile,Returning,25
CUST00737,DE,Paris,Non-binary,Tablet,At-Risk,49
CUST00738,FR,Sydney,Male,Tablet,New,70
CUST00739,UK,Chicago,Non-binary,Desktop,At-Risk,20
CUST00740,FR,Paris,Non-binary,Desktop,At-Risk,59
CUST00741,US,New York,Female,Tablet,At-Risk,25
CUST00742,CA,Sydney,Female,Mobile,Returning,49
CUST00743,DE,Paris,Non-binary,Mobile,Returning,69
CUST00744,UK,London,Male,Desktop,At-Risk,45
CUST00745,US,Berlin,Male,Desktop,Returning,74
CUST00746,MX,Berlin,Prefer not to say,Desktop,Returning,65
CUST00747,US,Chicago,Female,Tablet,New,67
CUST00748,US,Chicago,Female,Mobile,Inactive,35
CUST00749,US,Paris,Female,Mobile,At-Risk,69
CUST00750,UK,Paris,Female,Desktop,Returning,78
CUST00751,UK,Chicago,Prefer not to say,Tablet,Returning,45
CUST00752,AU,London,Prefer not to say,Tablet,VIP,25
CUST00753,US,Berlin,Male,Tablet,Returning,55
CUST00754,US,London,Prefer not to say,Tablet,VIP,65
CUST00755,US,LA,Non-binary,Tablet,Returning,28
CUST00756,US,Sydney,Non-binary,Desktop,Returning,45
CUST00757,US,London,Non-binary,Mobile,VIP,18
CUST00758,DE,London,Male,Desktop,VIP,18
CUST00759,UK,London,Non-binary,Mobile,At-Risk,18
CUST00760,CA,Chicago,Female,Tablet,VIP,24
CUST00761,CA,Chicago,Male,Desktop,New,65
CUST00762,US,Paris,Prefer not to say,Mobile,At-Risk,51
CUST00763,US,Berlin,Male,Tablet,Returning,25
CUST00764,US,London,Prefer not to say,Tablet,Returning,54
CUST00765,,Sydney,Non-binary,Mobile,VIP,65
CUST00766,CA,Berlin,Male,Mobile,Returning,50
CUST00767,CA,London,Non-binary,Desktop,Returning,45
CUST00768,FR,Toronto,Female,Tablet,Returning,55
CUST00769,US,New York,Male,Mobile,Returning,35
CUST00770,US,Toronto,Non-binary,Desktop,Returning,65
CUST00771,DE,Toronto,Male,Tablet,New,18
CUST00772,DE,Chicago,Male,Tablet,Returning,25
CUST00773,UK,Sydney,Non-binary,Desktop,Inactive,65
CUST00774,CA,London,Male,Desktop,At-Risk,29
CUST00775,CA,LA,Prefer not to say,Mobile,New,35
CUST00776,FR,Mexico City,Prefer not to say,Mobile,New,45
CUST00777,,New York,Male,Mobile,New,80
CUST00778,UK,Chicago,Male,Mobile,At-Risk,18
CUST00779,US,Paris,Male,Tablet,Returning,79
CUST00780,MX,LA,Female,Mobile,At-Risk,51
CUST00781,US,Berlin,Non-binary,Tablet,Returning,55
CUST00782,FR,Mexico City,Non-binary,Mobile,New,69
CUST00783,FR,New York,Prefer not to say,Tablet,New,25
CUST00784,MX,Berlin,Prefer not to say,Mobile,Returning,20
CUST00785,AU,Toronto,Male,Tablet,New,25
CUST00786,MX,London,Prefer not to say,Tablet,At-Risk,24
CUST00787,US,New York,Prefer not to say,Mobile,New,40
CUST00788,,Mexico City,Female,Tablet,Inactive,46
CUST00789,US,New York,Prefer not to say,Tablet,New,70
CUST00790,FR,New York,Non-binary,Mobile,New,26
CUST00791,DE,LA,Male,Desktop,At-Risk,18
CUST00792,US,Paris,Non-binary,Mobile,Returning,26
CUST00793,UK,Toronto,Male,Tablet,Returning,25
CUST00794,US,Paris,Female,Tablet,New,36
CUST00795,UK,New York,Female,Mobile,Inactive,25
CUST00796,MX,Sydney,Male,Mobile,New,33
CUST00797,AU,London,Prefer not to say,Tablet,Returning,65
CUST00798,US,London,Prefer not to say,Desktop,New,25
CUST00799,AU,Sydney,Male,Tablet,Returning,24
CUST00800,MX,Toronto,Male,Tablet,Returning,21
CUST00801,CA,Sydney,Female,Desktop,Returning,61
CUST00802,US,Sydney,Prefer not to say,Mobile,At-Risk,74
CUST00803,US,Toronto,Prefer not to say,Desktop,Returning,67
CUST00804,US,Mexico City,Female,Mobile,VIP,18
CUST00805,US,Sydney,Non-binary,Desktop,At-Risk,22
CUST00806,CA,Berlin,Female,Mobile,At-Risk,25
CUST00807,US,LA,Prefer not to say,Tablet,At-Risk,54
CUST00808,US,Sydney,Female,Desktop,Inactive,32
CUST00809,AU,London,Female,Desktop,Returning,25
CUST00810,DE,LA,Prefer not to say,Desktop,New,18
CUST00811,US,Chicago,Female,Mobile,Returning,35
CUST00812,,Sydney,Non-binary,Mobile,Returning,58
CUST00813,US,Toronto,Female,Tablet,Returning,35
CUST00814,US,Mexico City,Male,Desktop,Inactive,22
CUST00815,AU,Toronto,Male,Tablet,Returning,19
CUST00816,AU,Chicago,Non-binary,Desktop,Inactive,45
CUST00817,US,Chicago,Prefer not to say,Tablet,VIP,45
CUST00818,UK,Paris,Female,Desktop,At-Risk,25
CUST00819,FR,LA,Prefer not to say,Tablet,At-Risk,22
CUST00820,CA,Mexico City,Female,Tablet,At-Risk,45
CUST00821,AU,Berlin,Male,Mobile,Returning,18
CUST00822,DE,Chicago,Male,Tablet,Returning,18
CUST00823,CA,Sydney,Female,Tablet,Returning,31
CUST00824,CA,Paris,Non-binary,Mobile,Returning,41
CUST00825,UK,LA,Prefer not to say,Tablet,Returning,45
CUST00826,CA,LA,Female,Desktop,Returning,45
CUST00827,US,LA,Male,Mobile,Inactive,38
CUST00828,US,Toronto,Male,Desktop,New,52
CUST00829,US,Sydney,Male,Desktop,Returning,45
CUST00830,US,Paris,Non-binary,Tablet,Returning,62
CUST00831,DE,Mexico City,Prefer not to say,Desktop,VIP,73
CUST00832,CA,Toronto,Prefer not to say,Desktop,At-Risk,25
CUST00833,US,Chicago,Female,Tablet,New,35
CUST00834,US,Chicago,Female,Mobile,VIP,65
CUST00835,DE,Berlin,Female,Mobile,Returning,25
CUST00836,FR,Chicago,Non-binary,Desktop,Inactive,35
CUST00837,CA,Paris,Prefer not to say,Mobile,Inactive,18
CUST00838,US,Mexico City,Non-binary,Tablet,Inactive,18
CUST00839,CA,Sydney,Non-binary,Tablet,VIP,59
CUST00840,US,LA,Non-binary,Mobile,VIP,29
CUST00841,UK,New York,Female,Tablet,New,36
CUST00842,US,Sydney,Male,Tablet,New,18
CUST00843,CA,New York,Non-binary,Desktop,Returning,55
CUST00844,CA,London,Non-binary,Desktop,Returning,50
CUST00845,US,Sydney,Prefer not to say,Desktop,VIP,29
CUST00846,AU,LA,Female,Mobile,New,45
CUST00847,CA,Paris,Male,Mobile,Inactive,18
CUST00848,MX,Chicago,Female,Mobile,Returning,29
CUST00849,UK,London,Non-binary,Desktop,New,53
CUST00850,US,Chicago,Non-binary,Desktop,At-Risk,18
CUST00851,UK,London,Prefer not to say,Mobile,VIP,18
CUST00852,US,London,Prefer not to say,Mobile,New,18
CUST00853,DE,London,Prefer not to say,Tablet,Returning,45
CUST00854,UK,London,Female,Tablet,Returning,65
CUST00855,UK,Chicago,Male,Desktop,New,78
CUST00856,CA,Mexico City,Male,Tablet,New,18
CUST00857,US,Mexico City,Non-binary,Desktop,At-Risk,63
CUST00858,CA,Berlin,Male,Tablet,VIP,74
CUST00859,US,Berlin,Prefer not to say,Desktop,Returning,25
CUST00860,US,Toronto,Male,Desktop,Returning,25
CUST00861,US,London,Non-binary,Mobile,Returning,18
CUST00862,UK,London,Male,Tablet,New,42
CUST00863,US,Toronto,Non-binary,Mobile,New,65
CUST00864,MX,LA,Male,Mobile,At-Risk,65
CUST00865,US,Mexico City,Male,Desktop,New,25
CUST00867,US,LA,Female,Tablet,Returning,65
CUST00868,CA,Mexico City,Female,Tablet,New,35
CUST00869,DE,Toronto,Non-binary,Mobile,Returning,18
CUST00870,AU,Mexico City,Prefer not to say,Desktop,Inactive,20
CUST00871,UK,Chicago,Non-binary,Desktop,Inactive,65
CUST00872,US,Berlin,Male,Desktop,New,45
CUST00873,UK,Mexico City,Male,Mobile,VIP,42
CUST00874,MX,London,Prefer not to say,Mobile,Returning,35
CUST00875,MX,Sydney,Non-binary,Mobile,VIP,34
CUST00876,FR,Mexico City,Male,Mobile,Returning,21
CUST00877,AU,Chicago,Male,Desktop,Inactive,61
CUST00878,US,Paris,Male,Mobile,At-Risk,55
CUST00879,CA,London,Prefer not to say,Desktop,At-Risk,66
CUST00880,MX,Chicago,Prefer not to say,Mobile,Returning,45
CUST00881,UK,Chicago,Male,Mobile,Returning,32
CUST00882,UK,Chicago,Prefer not to say,Tablet,New,67
CUST00883,CA,LA,Prefer not to say,Desktop,Returning,61
CUST00884,UK,Mexico City,Non-binary,Tablet,Returning,47
CUST00885,MX,Berlin,Prefer not to say,Desktop,Returning,18
CUST00886,US,London,Female,Desktop,VIP,61
CUST00887,AU,LA,Prefer not to say,Tablet,Returning,45
CUST00888,DE,Chicago,Male,Desktop,Returning,54
CUST00889,MX,London,Non-binary,Mobile,VIP,60
CUST00890,US,New York,Non-binary,Desktop,Returning,35
CUST00891,CA,Toronto,Female,Mobile,Returning,45
CUST00892,US,London,Male,Desktop,New,79
CUST00893,CA,Paris,Prefer not to say,Desktop,Returning,18
CUST00894,DE,Paris,Prefer not to say,Desktop,Inactive,18
CUST00895,US,Berlin,Prefer not to say,Tablet,VIP,69
CUST00896,CA,Toronto,Prefer not to say,Tablet,Inactive,35
CUST00897,US,London,Prefer not to say,Mobile,New,35
CUST00898,AU,Berlin,Non-binary,Mobile,New,63
CUST00899,MX,LA,Non-binary,Tablet,Returning,25
CUST00900,FR,Paris,Prefer not to say,Desktop,Returning,61
CUST00901,FR,New York,Female,Tablet,New,55
CUST00902,AU,Mexico City,Prefer not to say,Tablet,New,54
CUST00903,UK,Chicago,Female,Mobile,Returning,25
CUST00904,MX,LA,Female,Desktop,Returning,45
CUST00905,US,Toronto,Prefer not to say,Mobile,VIP,38
CUST00906,US,London,Prefer not to say,Desktop,At-Risk,25
CUST00907,FR,London,Female,Mobile,New,18
CUST00908,UK,New York,Prefer not to say,Mobile,Returning,34
CUST00909,DE,Paris,Non-binary,Tablet,At-Risk,35
CUST00910,AU,Mexico City,Male,Tablet,New,33
CUST00911,CA,Toronto,Male,Desktop,At-Risk,45
CUST00912,AU,Paris,Female,Mobile,New,79
CUST00913,CA,New York,Prefer not to say,Tablet,Returning,45
CUST00914,CA,Toronto,Non-binary,Mobile,Returning,60
CUST00915,CA,New York,Male,Tablet,Returning,19
CUST00916,CA,Berlin,Male,Tablet,Returning,55
CUST00917,MX,Paris,Non-binary,Desktop,Inactive,18
CUST00918,US,Berlin,Prefer not to say,Mobile,Inactive,27
CUST00919,UK,Berlin,Prefer not to say,Mobile,Returning,65
CUST00920,CA,Paris,Non-binary,Desktop,New,63
CUST00921,FR,Sydney,Female,Mobile,New,69
CUST00922,CA,LA,Female,Mobile,Returning,35
CUST00923,US,Berlin,Prefer not to say,Desktop,VIP,58
CUST00924,FR,London,Female,Mobile,At-Risk,55
CUST00925,MX,Toronto,Male,Mobile,Inactive,45
CUST00926,DE,LA,Prefer not to say,Mobile,New,75
CUST00927,US,London,Female,Mobile,Returning,52
CUST00928,DE,Mexico City,Prefer not to say,Desktop,New,18
CUST00929,US,Toronto,Non-binary,Desktop,VIP,30
CUST00930,MX,London,Female,Desktop,Returning,25
CUST00931,US,Toronto,Prefer not to say,Mobile,Inactive,35
CUST00932,FR,Sydney,Female,Desktop,New,45
CUST00933,FR,Paris,Non-binary,Mobile,VIP,29
CUST00934,US,Sydney,Non-binary,Tablet,Inactive,40
CUST00935,AU,New York,Non-binary,Tablet,At-Risk,69
CUST00936,MX,Mexico City,Male,Tablet,Returning,70
CUST00937,UK,Sydney,Female,Mobile,Inactive,45
CUST00938,MX,Berlin,Male,Mobile,New,25
CUST00939,MX,London,Non-binary,Tablet,Inactive,38
CUST00940,CA,Chicago,Prefer not to say,Mobile,Inactive,65
CUST00941,US,London,Female,Tablet,New,25
CUST00942,UK,Mexico City,Prefer not to say,Desktop,Returning,18
CUST00943,US,London,Female,Mobile,New,43
CUST00944,DE,New York,Female,Desktop,Returning,71
CUST00945,UK,Berlin,Male,Desktop,New,67
CUST00946,MX,LA,Non-binary,Mobile,Returning,35
CUST00947,,London,Male,Desktop,Returning,79
CUST00948,DE,Chicago,Female,Mobile,Returning,52
CUST00949,CA,Mexico City,Prefer not to say,Mobile,VIP,22
CUST00950,,Toronto,Female,Desktop,New,48
CUST00951,FR,London,Prefer not to say,Desktop,New,72
CUST00952,DE,LA,Non-binary,Tablet,Returning,30
CUST00953,MX,Paris,Male,Desktop,New,46
CUST00954,US,LA,Male,Tablet,Returning,45
CUST00955,US,Chicago,Prefer not to say,Tablet,VIP,65
CUST00956,UK,Sydney,Non-binary,Mobile,New,45
CUST00957,US,New York,Male,Mobile,Returning,60
CUST00958,MX,London,Non-binary,Desktop,New,45
CUST00959,US,Sydney,Female,Mobile,VIP,18
CUST00960,MX,Sydney,Prefer not to say,Tablet,New,65
CUST00961,US,London,Male,Desktop,New,32
CUST00962,MX,Sydney,Prefer not to say,Tablet,New,23
CUST00963,AU,Berlin,Prefer not to say,Desktop,Returning,45
CUST00964,US,New York,Female,Mobile,New,25
CUST00965,US,Mexico City,Female,Mobile,New,66
CUST00966,UK,Chicago,Female,Tablet,New,52
CUST00967,UK,Toronto,Female,Desktop,At-Risk,18
CUST00968,CA,Paris,Prefer not to say,Desktop,New,20
CUST00969,AU,New York,Prefer not to say,Desktop,Inactive,55
CUST00970,AU,Sydney,Female,Tablet,Inactive,55
CUST00971,MX,LA,Non-binary,Tablet,Returning,64
CUST00972,UK,Berlin,Prefer not to say,Tablet,Inactive,55
CUST00973,CA,Berlin,Prefer not to say,Mobile,New,65
CUST00974,FR,Sydney,Female,Desktop,Inactive,35
CUST00975,MX,Berlin,Prefer not to say,Mobile,VIP,65
CUST00976,AU,Chicago,Female,Mobile,VIP,18
CUST00977,US,Sydney,Non-binary,Mobile,Inactive,48
CUST00978,US,Berlin,Female,Mobile,At-Risk,35
CUST00979,US,Toronto,Male,Tablet,Returning,35
CUST00980,CA,Mexico City,Non-binary,Mobile,At-Risk,44
CUST00981,DE,New York,Prefer not to say,Desktop,New,65
CUST00982,DE,LA,Male,Tablet,At-Risk,55
CUST00983,US,Chicago,Non-binary,Tablet,Inactive,25
CUST00984,AU,Berlin,Non-binary,Mobile,New,23
CUST00985,MX,Sydney,Non-binary,Desktop,New,18
CUST00986,CA,Paris,Non-binary,Tablet,VIP,38
CUST00987,MX,Paris,Prefer not to say,Desktop,New,27
CUST00988,FR,Sydney,Female,Mobile,Inactive,35
CUST00989,US,Chicago,Prefer not to say,Mobile,Returning,35
CUST00990,FR,New York,Non-binary,Desktop,Inactive,26
CUST00991,UK,Berlin,Non-binary,Mobile,VIP,35
CUST00992,US,Toronto,Prefer not to say,Tablet,Returning,65
CUST00993,US,Mexico City,Non-binary,Desktop,New,35
CUST00994,UK,LA,Non-binary,Tablet,New,61
CUST00995,US,Mexico City,Non-binary,Mobile,At-Risk,18
CUST00996,UK,Berlin,Non-binary,Tablet,VIP,21
CUST00997,,Sydney,Non-binary,Tablet,Inactive,65
CUST00998,CA,Mexico City,Female,Desktop,At-Risk,32
CUST00999,AU,Paris,Female,Mobile,VIP,56
CUST01000,US,Chicago,Prefer not to say,Desktop,Returning,38
CUST01001,MX,Sydney,Male,Desktop,Returning,25
CUST01002,DE,Paris,Non-binary,Tablet,Returning,59
CUST01003,UK,Sydney,Prefer not to say,Mobile,Inactive,73
CUST01004,UK,Mexico City,Male,Tablet,Returning,65
CUST01005,US,Mexico City,Non-binary,Mobile,New,73
CUST01006,US,New York,Female,Mobile,Returning,42
CUST01007,CA,Chicago,Female,Tablet,Returning,40
CUST01008,,Sydney,Male,Mobile,New,31
CUST01009,US,London,Prefer not to say,Desktop,Returning,47
CUST01010,AU,Chicago,Prefer not to say,Desktop,New,55
CUST01011,AU,Paris,Prefer not to say,Mobile,New,39
CUST01012,UK,Sydney,Non-binary,Tablet,Inactive,18
CUST01013,US,London,Male,Tablet,Returning,56
CUST01014,DE,New York,Female,Desktop,VIP,55
CUST01015,FR,New York,Non-binary,Mobile,New,62
CUST01016,UK,Berlin,Prefer not to say,Tablet,At-Risk,18
CUST01017,CA,New York,Non-binary,Desktop,New,53
CUST01018,US,Chicago,Female,Desktop,New,55
CUST01019,CA,New York,Non-binary,Mobile,VIP,47
CUST01020,CA,Chicago,Prefer not to say,Desktop,New,45
CUST01021,US,Toronto,Prefer not to say,Tablet,New,25
CUST01022,US,Sydney,Prefer not to say,Mobile,New,35
CUST01023,FR,New York,Non-binary,Tablet,Inactive,30
CUST01024,US,Chicago,Non-binary,Tablet,At-Risk,32
CUST01025,FR,Chicago,Non-binary,Tablet,New,55
CUST01026,MX,New York,Prefer not to say,Tablet,Returning,55
CUST01027,US,Sydney,Non-binary,Tablet,Inactive,18
CUST01028,CA,Mexico City,Non-binary,Mobile,New,65
CUST01029,DE,Paris,Male,Mobile,Returning,18
CUST01030,MX,Berlin,Non-binary,Tablet,Returning,27
CUST01031,CA,Berlin,Non-binary,Mobile,VIP,25
CUST01032,US,New York,Prefer not to say,Mobile,New,65
CUST01033,US,Sydney,Prefer not to say,Tablet,Returning,49
CUST01034,US,Sydney,Male,Desktop,VIP,55
CUST01035,CA,New York,Male,Desktop,New,54
CUST01036,US,London,Non-binary,Mobile,VIP,25
CUST01037,CA,Sydney,Non-binary,Mobile,New,65
CUST01038,AU,Toronto,Prefer not to say,Mobile,New,64
CUST01039,UK,Toronto,Female,Mobile,New,53
CUST01040,US,Toronto,Non-binary,Mobile,Inactive,36
CUST01041,AU,London,Prefer not to say,Mobile,Returning,65
CUST01042,FR,Berlin,Prefer not to say,Desktop,New,72
CUST01043,UK,Mexico City,Male,Tablet,Returning,51
CUST01044,MX,New York,Prefer not to say,Mobile,Returning,62
CUST01045,US,Paris,Male,Mobile,New,78
CUST01046,CA,LA,Male,Desktop,Returning,18
CUST01047,FR,Toronto,Male,Desktop,At-Risk,40
CUST01048,CA,LA,Prefer not to say,Mobile,At-Risk,55
CUST01049,US,New York,Prefer not to say,Desktop,Inactive,18
CUST01050,US,Sydney,Male,Desktop,Inactive,24
CUST01051,US,Mexico City,Male,Desktop,VIP,18
CUST01052,DE,New York,Prefer not to say,Desktop,New,45
CUST01053,DE,New York,Prefer not to say,Tablet,Returning,18
CUST01054,US,LA,Female,Tablet,New,18
CUST01055,CA,Sydney,Female,Mobile,Returning,35
CUST01056,US,Mexico City,Non-binary,Desktop,Returning,35
CUST01057,US,Berlin,Non-binary,Desktop,Returning,45
CUST01058,DE,New York,Female,Tablet,VIP,65
CUST01059,CA,Toronto,Male,Desktop,Inactive,29
CUST01060,AU,Berlin,Non-binary,Tablet,Inactive,65
CUST01061,US,New York,Prefer not to say,Mobile,Returning,20
CUST01062,US,Toronto,Female,Desktop,New,65
CUST01063,US,New York,Non-binary,Mobile,New,45
CUST01064,UK,Sydney,Female,Tablet,New,18
CUST01065,US,Chicago,Female,Desktop,New,30
CUST01066,UK,New York,Female,Desktop,New,25
CUST01067,FR,LA,Non-binary,Mobile,Returning,25
CUST01068,CA,Mexico City,Prefer not to say,Tablet,VIP,37
CUST01069,US,Paris,Non-binary,Desktop,New,32
CUST01070,US,Toronto,Non-binary,Mobile,At-Risk,18
CUST01071,FR,Mexico City,Prefer not to say,Mobile,At-Risk,38
CUST01072,FR,Mexico City,Prefer not to say,Tablet,New,55
CUST01073,UK,Berlin,Non-binary,Tablet,Returning,55
CUST01074,UK,New York,Female,Mobile,Returning,41
CUST01075,US,Paris,Prefer not to say,Tablet,New,48
CUST01076,UK,LA,Non-binary,Desktop,New,18
CUST01077,DE,Berlin,Prefer not to say,Desktop,Returning,23
CUST01078,CA,Paris,Male,Mobile,Returning,53
CUST01079,FR,LA,Non-binary,Tablet,Returning,18
CUST01080,US,LA,Male,Mobile,Inactive,39
CUST01081,US,Berlin,Non-binary,Desktop,New,41
CUST01082,US,Chicago,Non-binary,Mobile,Returning,65
CUST01083,CA,New York,Prefer not to say,Tablet,Inactive,48
CUST01084,US,Toronto,Prefer not to say,Mobile,VIP,25
CUST01085,UK,Berlin,Male,Desktop,At-Risk,66
CUST01086,AU,Sydney,Male,Desktop,returning,45
CUST01087,CA,Berlin,Non-binary,Mobile,New,65
CUST01088,MX,Berlin,Male,Tablet,Returning,65
CUST01089,US,Paris,Prefer not to say,Mobile,Returning,35
CUST01090,UK,LA,Non-binary,Tablet,New,45
CUST01091,CA,Mexico City,Female,Mobile,New,18
CUST01092,UK,LA,Prefer not to say,Desktop,New,23
CUST01093,FR,New York,Non-binary,Tablet,New,55
CUST01094,MX,LA,Female,Tablet,New,52
CUST01095,,Toronto,Non-binary,Desktop,New,25
CUST01096,UK,London,Female,Tablet,Returning,32
CUST01097,CA,Chicago,Prefer not to say,Mobile,New,32
CUST01098,US,Sydney,Prefer not to say,Desktop,Returning,59
CUST01099,CA,Sydney,Non-binary,Tablet,At-Risk,65
CUST01100,MX,Chicago,Prefer not to say,Mobile,At-Risk,58
CUST01101,UK,Chicago,Male,Desktop,Inactive,45
CUST01102,US,Mexico City,Non-binary,Tablet,At-Risk,37
CUST01103,AU,Sydney,Prefer not to say,Tablet,Inactive,65
CUST01104,US,Berlin,Prefer not to say,Desktop,At-Risk,58
CUST01105,UK,LA,Prefer not to say,Desktop,Returning,18
CUST01106,US,London,Male,Tablet,New,54
CUST01107,FR,Sydney,Male,Mobile,Returning,65
CUST01108,AU,London,Female,Mobile,New,45
CUST01109,US,Mexico City,Prefer not to say,Mobile,New,25
CUST01110,FR,Berlin,Female,Mobile,New,35
CUST01111,UK,New York,Male,Desktop,Returning,32
CUST01112,US,Paris,Female,Mobile,New,55
CUST01113,US,New York,Non-binary,Mobile,Returning,23
CUST01114,US,Chicago,Female,Mobile,At-Risk,24
CUST01115,CA,Toronto,Female,Tablet,Returning,35
CUST01116,US,Berlin,Female,Mobile,New,34
CUST01117,US,Toronto,Male,Tablet,New,52
CUST01118,DE,Toronto,Prefer not to say,Desktop,New,36
CUST01119,US,Chicago,Non-binary,Mobile,Returning,65
CUST01120,AU,Chicago,Non-binary,Mobile,VIP,45
CUST01121,US,Sydney,Prefer not to say,Tablet,New,42
CUST01122,UK,New York,Female,Mobile,VIP,55
CUST01123,AU,LA,Male,Mobile,At-Risk,48
CUST01124,US,New York,Female,Tablet,Returning,29
CUST01125,,New York,Prefer not to say,Tablet,Returning,35
CUST01126,US,Toronto,Female,Tablet,Returning,69
CUST01127,FR,Paris,Non-binary,Mobile,VIP,72
CUST01128,US,Toronto,Male,Tablet,New,54
CUST01129,US,Toronto,Female,Tablet,Returning,25
CUST01130,CA,Toronto,Prefer not to say,Mobile,VIP,25
CUST01131,CA,Toronto,Non-binary,Desktop,Returning,63
CUST01132,MX,Paris,Prefer not to say,Mobile,Returning,30
CUST01133,MX,London,Female,Tablet,At-Risk,47
CUST01134,MX,London,Prefer not to say,Tablet,Returning,52
CUST01135,CA,Toronto,Female,Mobile,VIP,33
CUST01136,AU,Paris,Prefer not to say,Desktop,Returning,65
CUST01137,MX,LA,Prefer not to say,Mobile,Returning,51
CUST01138,DE,Paris,Non-binary,Tablet,New,25
CUST01139,UK,New York,Prefer not to say,Desktop,VIP,78
CUST01140,US,New York,Female,Desktop,Returning,35
CUST01141,US,Chicago,Male,Mobile,New,35
CUST01142,AU,LA,Female,Desktop,Returning,54
CUST01143,AU,Mexico City,Prefer not to say,Tablet,Returning,38
CUST01144,AU,Berlin,Female,Desktop,New,23
CUST01145,AU,Chicago,Prefer not to say,Mobile,New,35
CUST01146,MX,London,Prefer not to say,Mobile,Returning,55
CUST01147,AU,Chicago,Male,Desktop,VIP,25
CUST01148,US,Toronto,Non-binary,Desktop,VIP,18
CUST01149,US,London,Male,Desktop,New,65
CUST01150,CA,Sydney,Prefer not to say,Tablet,Returning,18
CUST01151,US,New York,Male,Mobile,At-Risk,37
CUST01152,MX,London,Prefer not to say,Desktop,Returning,55
CUST01153,MX,Berlin,Non-binary,Mobile,Returning,35
CUST01154,MX,Berlin,Non-binary,Mobile,Returning,53
CUST01155,MX,Chicago,Male,Tablet,At-Risk,65
CUST01156,AU,Sydney,Prefer not to say,Tablet,VIP,33
CUST01157,CA,New York,Non-binary,Tablet,Returning,18
CUST01158,UK,LA,Non-binary,Desktop,VIP,45
CUST01159,US,Toronto,Female,Tablet,Returning,73
CUST01160,US,LA,Non-binary,Tablet,Returning,25
CUST01161,UK,Mexico City,Female,Mobile,Returning,19
CUST01162,AU,New York,Female,Desktop,New,18
CUST01163,US,Sydney,Male,Tablet,New,65
CUST01164,AU,Berlin,Female,Tablet,New,45
CUST01165,FR,Paris,Prefer not to say,Mobile,Returning,43
CUST01166,CA,Berlin,Female,Tablet,New,18
CUST01167,CA,Paris,Male,Desktop,At-Risk,25
CUST01168,US,Berlin,Non-binary,Tablet,Inactive,46
CUST01169,FR,LA,Prefer not to say,Mobile,Returning,61
CUST01170,US,Sydney,Prefer not to say,Mobile,At-Risk,35
CUST01171,AU,New York,Non-binary,Desktop,At-Risk,75
CUST01172,CA,Toronto,Prefer not to say,Desktop,Returning,65
CUST01173,CA,Toronto,Female,Tablet,At-Risk,25
CUST01174,UK,Chicago,Male,Tablet,Returning,65
CUST01175,FR,Paris,Prefer not to say,Mobile,Inactive,45
CUST01176,CA,Mexico City,Prefer not to say,Mobile,Inactive,65
CUST01177,US,Chicago,Female,Desktop,Returning,72
CUST01178,US,Toronto,Male,Desktop,New,25
CUST01179,FR,Paris,Female,Mobile,Returning,25
CUST01180,US,Mexico City,Non-binary,Tablet,New,21
CUST01181,AU,LA,Female,Desktop,New,45
CUST01182,DE,Paris,Male,Desktop,VIP,29
CUST01183,FR,LA,Male,Mobile,Returning,52
CUST01184,FR,Sydney,Non-binary,Tablet,New,55
CUST01185,US,Paris,Non-binary,Tablet,Returning,45
CUST01186,US,Mexico City,Female,Desktop,Inactive,65
CUST01187,MX,Mexico City,Prefer not to say,Mobile,At-Risk,60
CUST01188,AU,Toronto,Male,Mobile,New,65
CUST01189,US,Berlin,Male,Mobile,Returning,21
CUST01190,FR,London,Male,Mobile,New,26
CUST01191,CA,New York,Female,Desktop,New,59
CUST01192,FR,Sydney,Non-binary,Tablet,Returning,55
CUST01193,UK,LA,Male,Mobile,New,61
CUST01194,CA,Mexico City,Female,Tablet,Inactive,25
CUST01195,AU,Mexico City,Non-binary,Desktop,Returning,55
CUST01196,MX,London,Prefer not to say,Tablet,New,45
CUST01197,US,Toronto,Non-binary,Tablet,VIP,65
CUST01198,MX,Paris,Prefer not to say,Mobile,VIP,25
CUST01199,US,LA,Prefer not to say,Mobile,New,35
CUST01200,CA,Chicago,Female,Desktop,At-Risk,35
CUST01201,US,LA,Female,Tablet,Inactive,52
CUST01202,UK,London,Non-binary,Tablet,Returning,18
CUST01203,CA,Mexico City,Prefer not to say,Desktop,New,45
CUST01204,US,Chicago,Female,Mobile,Returning,65
CUST01205,US,Berlin,Female,Tablet,Returning,65
CUST01206,UK,Berlin,Prefer not to say,Tablet,Returning,31
CUST01207,UK,Toronto,Non-binary,Tablet,At-Risk,65
CUST01208,MX,LA,Male,Tablet,At-Risk,42
CUST01209,DE,London,Prefer not to say,Mobile,New,18
CUST01210,UK,Sydney,Male,Desktop,New,65
CUST01211,AU,Mexico City,Non-binary,Mobile,VIP,18
CUST01212,US,Chicago,Female,Mobile,Returning,55
CUST01213,UK,Paris,Prefer not to say,Desktop,Inactive,42
CUST01214,CA,Mexico City,Male,Desktop,New,65
CUST01215,CA,Paris,Female,Desktop,New,25
CUST01216,US,Sydney,Male,Desktop,At-Risk,45
CUST01217,CA,New York,Non-binary,Tablet,Returning,37
CUST01218,US,Toronto,Male,Tablet,Returning,24
CUST01219,US,London,Female,Desktop,New,45
CUST01220,CA,Mexico City,Non-binary,Mobile,At-Risk,45
CUST01221,US,Paris,Male,Desktop,Returning,30
CUST01222,US,Chicago,Prefer not to say,Desktop,New,25
CUST01223,US,Sydney,Non-binary,Mobile,returning,66
CUST01224,UK,Berlin,Prefer not to say,Tablet,VIP,78
CUST01225,US,Berlin,Male,Tablet,New,23
CUST01226,CA,New York,Prefer not to say,Desktop,Inactive,45
CUST01227,US,Chicago,Female,Mobile,New,45
CUST01228,AU,Paris,Female,Desktop,VIP,25
CUST01229,DE,Chicago,Female,Mobile,New,25
CUST01230,CA,Paris,Male,Tablet,Inactive,31
CUST01231,MX,Toronto,Female,Desktop,Returning,45
CUST01232,UK,London,Male,Desktop,Returning,47
CUST01233,AU,New York,Female,Mobile,New,45
CUST01234,AU,Sydney,Non-binary,Tablet,New,35
CUST01235,CA,London,Male,Mobile,Returning,47
CUST01236,UK,Berlin,Non-binary,Mobile,Returning,26
CUST01237,DE,LA,Female,Tablet,New,45
CUST01238,US,Toronto,Female,Tablet,Inactive,55
CUST01239,UK,Sydney,Female,Tablet,Returning,55
CUST01240,US,London,Non-binary,Desktop,Returning,25
CUST01241,MX,Mexico City,Male,Mobile,Returning,18
CUST01242,US,New York,Female,Tablet,New,42
CUST01243,FR,LA,Female,Desktop,At-Risk,55
CUST01244,UK,London,Female,Mobile,Returning,53
CUST01245,US,Mexico City,Prefer not to say,Tablet,VIP,61
CUST01246,US,Mexico City,Male,Mobile,VIP,35
CUST01247,US,Chicago,Non-binary,Mobile,New,35
CUST01248,US,New York,Non-binary,Tablet,Returning,31
CUST01249,US,London,Female,Desktop,At-Risk,65
CUST01250,CA,New York,Non-binary,Mobile,Returning,18
CUST01251,CA,LA,Prefer not to say,Tablet,Returning,18
CUST01252,DE,Sydney,Female,Desktop,New,55
CUST01253,FR,Toronto,Prefer not to say,Desktop,New,50
CUST01254,UK,Chicago,Female,Tablet,Returning,25
CUST01255,,Chicago,Female,Desktop,New,39
CUST01256,US,Toronto,Prefer not to say,Tablet,New,27
CUST01257,AU,New York,Male,Desktop,New,55
CUST01258,US,Chicago,Female,Mobile,Inactive,65
CUST01259,DE,New York,Male,Tablet,At-Risk,18
CUST01260,US,Sydney,Female,Desktop,New,25
CUST01261,US,London,Male,Mobile,Returning,18
CUST01262,,Paris,Female,Mobile,New,35
CUST01263,US,Berlin,Non-binary,Mobile,Returning,52
CUST01264,FR,LA,Prefer not to say,Mobile,At-Risk,65
CUST01265,CA,Berlin,Male,Desktop,New,42
CUST01266,DE,Mexico City,Non-binary,Tablet,New,28
CUST01267,,London,Non-binary,Mobile,VIP,68
CUST01268,CA,LA,Male,Mobile,At-Risk,35
CUST01269,CA,Sydney,Male,Mobile,Returning,25
CUST01270,US,Chicago,Female,Desktop,Returning,22
CUST01271,MX,Paris,Non-binary,Mobile,VIP,45
CUST01272,UK,Sydney,Female,Desktop,Returning,46
CUST01273,UK,Toronto,Male,Mobile,At-Risk,61
CUST01274,US,Chicago,Male,Mobile,Returning,35
CUST01275,US,Mexico City,Prefer not to say,Mobile,Returning,35
CUST01276,AU,Chicago,Prefer not to say,Tablet,New,25
CUST01277,CA,LA,Prefer not to say,Tablet,VIP,24
CUST01278,CA,LA,Male,Tablet,New,29
CUST01279,US,Mexico City,Non-binary,Desktop,VIP,45
CUST01280,UK,London,Male,Mobile,VIP,80
CUST01281,DE,New York,Prefer not to say,Desktop,Returning,25
CUST01282,AU,Mexico City,Non-binary,Tablet,Inactive,38
CUST01283,CA,Chicago,Female,Desktop,Returning,18
CUST01284,MX,Mexico City,Male,Tablet,At-Risk,26
CUST01285,FR,Paris,Female,Mobile,Returning,66
CUST01286,MX,LA,Male,Desktop,New,25
CUST01287,US,LA,Male,Mobile,New,35
CUST01288,US,New York,Female,Desktop,New,58
CUST01289,US,Sydney,Male,Mobile,Inactive,64
CUST01290,US,Paris,Female,Desktop,At-Risk,36
CUST01291,US,Berlin,Prefer not to say,Tablet,VIP,67
CUST01292,US,Paris,Prefer not to say,Tablet,Returning,18
CUST01293,US,LA,Male,Tablet,VIP,31
CUST01294,FR,Chicago,Non-binary,Desktop,At-Risk,25
CUST01295,CA,Paris,Male,Tablet,Returning,35
CUST01296,US,LA,Female,Tablet,Inactive,29
CUST01297,US,London,Male,Desktop,At-Risk,25
CUST01298,US,London,Non-binary,Desktop,New,35
CUST01299,AU,Sydney,Non-binary,Desktop,New,46
CUST01300,DE,London,Prefer not to say,Desktop,New,45
CUST01301,US,Berlin,Non-binary,Mobile,Returning,45
CUST01302,UK,New York,Male,Tablet,At-Risk,38
CUST01303,UK,LA,Non-binary,Desktop,New,19
CUST01304,US,Sydney,Male,Desktop,Returning,30
CUST01305,UK,Chicago,Male,Desktop,New,45
CUST01306,MX,Berlin,Prefer not to say,Mobile,New,35
CUST01307,US,Mexico City,Female,Desktop,Returning,35
CUST01308,CA,Paris,Male,Desktop,New,62
CUST01309,US,New York,Prefer not to say,Desktop,New,18
CUST01310,US,Paris,Male,Desktop,New,31
CUST01311,MX,London,Female,Mobile,New,55
CUST01312,CA,Paris,Prefer not to say,Desktop,New,26
CUST01313,AU,Paris,Male,Tablet,Returning,45
CUST01314,US,Chicago,Non-binary,Tablet,VIP,65
CUST01315,UK,Berlin,Male,Tablet,Returning,33
CUST01316,AU,Chicago,Prefer not to say,Tablet,Inactive,18
CUST01317,US,Toronto,Prefer not to say,Tablet,VIP,33
CUST01318,MX,Toronto,Male,Desktop,Returning,31
CUST01319,CA,LA,Prefer not to say,Tablet,Returning,35
CUST01320,CA,Paris,Non-binary,Mobile,At-Risk,35
CUST01321,MX,Chicago,Prefer not to say,Desktop,New,35
CUST01322,FR,LA,Male,Mobile,Returning,48
CUST01323,DE,Mexico City,Male,Tablet,New,54
CUST01324,US,Paris,Female,Mobile,New,65
CUST01325,MX,Sydney,Male,Desktop,New,18
CUST01326,FR,Paris,Male,Desktop,At-Risk,65
CUST01327,CA,London,Non-binary,Desktop,At-Risk,35
CUST01328,MX,Chicago,Non-binary,Tablet,New,24
CUST01329,CA,Paris,Female,Tablet,New,39
CUST01330,DE,New York,Prefer not to say,Mobile,Returning,65
CUST01331,AU,Berlin,Female,Desktop,Returning,30
CUST01332,US,Paris,Non-binary,Tablet,New,56
CUST01333,US,New York,Female,Mobile,New,22
CUST01334,US,Chicago,Prefer not to say,Tablet,Returning,64
CUST01335,US,London,Female,Tablet,At-Risk,68
CUST01336,CA,LA,Female,Tablet,New,65
CUST01337,US,LA,Male,Mobile,Returning,23
CUST01338,US,Berlin,Female,Desktop,Returning,19
CUST01339,MX,LA,Female,Tablet,Returning,18
CUST01340,FR,Chicago,Non-binary,Mobile,At-Risk,49
CUST01341,DE,New York,Male,Desktop,Returning,73
CUST01342,DE,Mexico City,Non-binary,Mobile,New,60
CUST01343,UK,Chicago,Female,Desktop,Returning,19
CUST01344,CA,Chicago,Non-binary,Desktop,New,25
CUST01345,CA,London,Prefer not to say,Tablet,Returning,69
CUST01346,UK,London,Female,Mobile,Inactive,45
CUST01347,MX,London,Female,Mobile,Returning,23
CUST01348,MX,London,Non-binary,Tablet,Returning,49
CUST01349,MX,Berlin,Male,Desktop,Returning,25
CUST01350,CA,Mexico City,Non-binary,Desktop,Returning,60
CUST01351,CA,Berlin,Female,Mobile,At-Risk,45
CUST01352,CA,LA,Male,Desktop,At-Risk,25
CUST01353,US,Berlin,Female,Tablet,Returning,45
CUST01354,DE,LA,Non-binary,Tablet,Returning,29
CUST01355,DE,Paris,Non-binary,Desktop,Returning,71
CUST01356,UK,London,Prefer not to say,Mobile,New,54
CUST01357,DE,Toronto,Male,Desktop,Returning,35
CUST01358,US,Paris,Male,Tablet,New,54
CUST01359,CA,Sydney,Male,Desktop,New,69
CUST01360,CA,Mexico City,Non-binary,Desktop,Returning,35
CUST01361,CA,Sydney,Male,Desktop,Inactive,65
CUST01362,US,New York,Female,Mobile,New,26
CUST01363,US,Berlin,Male,Tablet,New,25
CUST01364,US,London,Male,Desktop,New,20
CUST01365,MX,Chicago,Prefer not to say,Mobile,VIP,35
CUST01366,DE,LA,Female,Tablet,Returning,45
CUST01367,CA,Sydney,Female,Mobile,At-Risk,35
CUST01368,US,Toronto,Female,Tablet,Returning,38
CUST01369,US,Toronto,Prefer not to say,Desktop,New,27
CUST01370,CA,Mexico City,Non-binary,Desktop,At-Risk,25
CUST01371,US,Chicago,Female,Desktop,New,59
CUST01372,UK,Toronto,Male,Desktop,At-Risk,32
CUST01373,CA,Chicago,Prefer not to say,Mobile,Returning,58
CUST01374,US,New York,Prefer not to say,Tablet,New,45
CUST01375,CA,LA,Non-binary,Desktop,Inactive,18
CUST01376,UK,New York,Prefer not to say,Desktop,Returning,45
CUST01377,FR,Paris,Female,Desktop,VIP,45
CUST01378,DE,Sydney,Prefer not to say,Mobile,Returning,35
CUST01379,US,New York,Male,Tablet,New,18
CUST01380,UK,Paris,Prefer not to say,Desktop,New,19
CUST01381,CA,Toronto,Non-binary,Tablet,New,45
CUST01382,CA,Chicago,Prefer not to say,Tablet,New,65
CUST01383,US,Chicago,Female,Desktop,VIP,42
CUST01384,FR,New York,Female,Desktop,Returning,50
CUST01385,FR,Sydney,Male,Desktop,Returning,18
CUST01386,US,London,Female,Tablet,At-Risk,22
CUST01387,US,Berlin,Prefer not to say,Desktop,Returning,18
CUST01388,CA,Berlin,Prefer not to say,Mobile,Returning,74
CUST01389,AU,Sydney,Male,Desktop,At-Risk,35
CUST01390,US,Toronto,Female,Desktop,Inactive,25
CUST01391,DE,Paris,Non-binary,Mobile,VIP,65
CUST01392,FR,Mexico City,Prefer not to say,Tablet,Inactive,18
CUST01393,CA,Paris,Non-binary,Desktop,Returning,35
CUST01394,UK,LA,Prefer not to say,Desktop,Returning,75
CUST01395,US,Chicago,Prefer not to say,Tablet,Returning,18
CUST01396,DE,London,Prefer not to say,Desktop,VIP,55
CUST01397,UK,LA,Male,Desktop,New,18
CUST01398,CA,New York,Non-binary,Mobile,At-Risk,74
CUST01399,FR,LA,Non-binary,Mobile,New,55
CUST01400,DE,New York,Prefer not to say,Desktop,New,18
CUST01401,MX,LA,Non-binary,Desktop,Returning,53
CUST01402,DE,Berlin,Female,Tablet,VIP,45
CUST01403,MX,London,Male,Desktop,New,55
CUST01404,UK,Paris,Male,Mobile,Returning,25
CUST01405,CA,Berlin,Prefer not to say,Desktop,Inactive,55
CUST01406,MX,Mexico City,Male,Desktop,New,45
CUST01407,CA,Berlin,Female,Tablet,Returning,25
CUST01408,US,New York,Prefer not to say,Tablet,New,45
CUST01409,US,LA,Non-binary,Tablet,At-Risk,43
CUST01410,UK,New York,Male,Tablet,Returning,65
CUST01411,AU,Toronto,Female,Tablet,New,67
CUST01412,US,Chicago,Non-binary,Tablet,Returning,65
CUST01413,UK,LA,Male,Mobile,VIP,56
CUST01414,UK,LA,Prefer not to say,Mobile,New,18
CUST01415,MX,London,Prefer not to say,Desktop,Inactive,21
CUST01416,CA,LA,Prefer not to say,Mobile,VIP,57
CUST01417,AU,Mexico City,Female,Desktop,New,65
CUST01418,FR,Sydney,Non-binary,Tablet,Inactive,23
CUST01419,AU,Paris,Female,Mobile,Returning,19
CUST01420,DE,London,Male,Tablet,New,47
CUST01421,UK,Berlin,Female,Desktop,Inactive,22
CUST01422,CA,Berlin,Female,Desktop,Inactive,21
CUST01423,MX,Chicago,Non-binary,Tablet,New,55
CUST01424,UK,Chicago,Non-binary,Tablet,At-Risk,65
CUST01425,FR,Sydney,Female,Tablet,Returning,45
CUST01426,UK,Berlin,Non-binary,Tablet,New,44
CUST01427,US,Chicago,Female,Mobile,VIP,18
CUST01428,FR,Toronto,Female,Mobile,Returning,45
CUST01429,MX,London,Male,Mobile,New,18
CUST01430,UK,New York,Female,Desktop,Returning,35
CUST01431,MX,Mexico City,Female,Mobile,Inactive,25
CUST01432,FR,Chicago,Prefer not to say,Tablet,New,42
CUST01433,DE,LA,Female,Mobile,Returning,18
CUST01434,CA,LA,Non-binary,Mobile,Returning,45
CUST01435,UK,Toronto,Prefer not to say,Tablet,New,45
CUST01436,UK,Sydney,Prefer not to say,Tablet,At-Risk,31
CUST01437,US,London,Male,Mobile,At-Risk,29
CUST01438,DE,Toronto,Non-binary,Desktop,Returning,55
CUST01439,US,LA,Female,Tablet,Inactive,30
CUST01440,CA,Mexico City,Male,Tablet,Returning,52
CUST01441,US,London,Female,Desktop,Returning,18
CUST01442,US,Berlin,Male,Mobile,At-Risk,56
CUST01443,DE,New York,Non-binary,Mobile,At-Risk,73
CUST01444,AU,Mexico City,Prefer not to say,Mobile,Inactive,64
CUST01445,US,Toronto,Non-binary,Desktop,Returning,18
CUST01446,US,Toronto,Prefer not to say,Tablet,New,18
CUST01447,UK,Paris,Female,Desktop,New,45
CUST01448,,Berlin,Non-binary,Mobile,Returning,18
CUST01449,US,New York,Female,Desktop,New,34
CUST01450,US,Toronto,Male,Mobile,At-Risk,24
CUST01451,US,Berlin,Female,Desktop,New,35
CUST01452,UK,LA,Male,Desktop,New,71
CUST01453,UK,Berlin,Female,Desktop,VIP,74
CUST01454,CA,London,Non-binary,Tablet,New,69
CUST01455,US,Sydney,Non-binary,Mobile,Inactive,35
CUST01456,US,Toronto,Male,Desktop,VIP,35
CUST01457,AU,Sydney,Male,Mobile,Returning,45
CUST01458,CA,LA,Male,Desktop,Returning,59
CUST01459,UK,Paris,Prefer not to say,Mobile,At-Risk,18
CUST01460,US,New York,Non-binary,Mobile,Returning,65
CUST01461,DE,London,Female,Mobile,Inactive,35
CUST01462,MX,New York,Male,Tablet,At-Risk,45
CUST01463,CA,Mexico City,Non-binary,Mobile,Returning,55
CUST01464,AU,New York,Non-binary,Tablet,New,25
CUST01465,US,Paris,Male,Tablet,New,56
CUST01466,FR,New York,Male,Desktop,At-Risk,38
CUST01467,CA,New York,Prefer not to say,Mobile,Returning,25
CUST01468,UK,Toronto,Prefer not to say,Mobile,At-Risk,65
CUST01469,DE,LA,Prefer not to say,Mobile,Returning,56
CUST01470,UK,Chicago,Female,Tablet,New,34
CUST01471,US,Mexico City,Prefer not to say,Tablet,New,71
CUST01472,AU,London,Non-binary,Mobile,New,25
CUST01473,AU,Berlin,Male,Mobile,Returning,23
CUST01474,UK,Berlin,Non-binary,Tablet,New,18
CUST01475,MX,Berlin,Non-binary,Desktop,New,35
CUST01476,CA,London,Male,Mobile,Inactive,45
CUST01477,US,Toronto,Non-binary,Tablet,New,56
CUST01478,DE,Toronto,Prefer not to say,Tablet,Returning,65
CUST01479,MX,LA,Female,Tablet,New,65
CUST01480,UK,LA,Male,Tablet,Returning,75
CUST01481,UK,Toronto,Non-binary,Mobile,Returning,45
CUST01482,US,LA,Female,Desktop,Returning,45
CUST01483,US,LA,Non-binary,Tablet,Returning,35
CUST01484,UK,Chicago,Female,Desktop,New,51
CUST01485,US,London,Non-binary,Desktop,New,61
CUST01486,MX,Sydney,Female,Mobile,Inactive,62
CUST01487,US,Mexico City,Prefer not to say,Tablet,Returning,18
CUST01488,MX,LA,Female,Tablet,VIP,21
CUST01489,CA,Mexico City,Female,Tablet,Returning,25
CUST01490,CA,LA,Male,Mobile,Returning,63
CUST01491,MX,Paris,Non-binary,Desktop,Returning,77
CUST01492,AU,Mexico City,Male,Mobile,Inactive,55
CUST01493,DE,Sydney,Prefer not to say,Desktop,VIP,35
CUST01494,AU,LA,Female,Desktop,New,55
CUST01495,DE,Mexico City,Prefer not to say,Desktop,At-Risk,55
CUST01496,US,Toronto,Prefer not to say,Tablet,New,25
CUST01497,CA,Chicago,Male,Desktop,Returning,18
CUST01498,US,London,Male,Mobile,New,34
CUST01499,US,Mexico City,Female,Mobile,Returning,26
CUST01500,UK,New York,Non-binary,Mobile,New,25
CUST01501,AU,Sydney,Non-binary,Mobile,Returning,46
CUST01502,UK,LA,Female,Desktop,Returning,45
CUST01503,CA,Toronto,Male,Desktop,VIP,18
CUST01504,CA,Mexico City,Male,Tablet,Returning,45
CUST01505,MX,Mexico City,Non-binary,Mobile,Inactive,23
CUST01506,FR,New York,Female,Mobile,Inactive,21
CUST01507,FR,Chicago,Prefer not to say,Mobile,New,25
CUST01508,US,LA,Female,Mobile,Returning,29
CUST01509,UK,Chicago,Male,Desktop,New,63
CUST01510,MX,Berlin,Prefer not to say,Tablet,Returning,80
CUST01511,US,Sydney,Prefer not to say,Tablet,VIP,42
CUST01512,CA,London,Prefer not to say,Desktop,New,21
CUST01513,MX,Berlin,Male,Desktop,New,18
CUST01514,US,Sydney,Prefer not to say,Tablet,At-Risk,45
CUST01515,CA,Paris,Male,Tablet,New,55
CUST01516,FR,Sydney,Prefer not to say,Desktop,Returning,43
CUST01517,UK,New York,Non-binary,Desktop,New,79
CUST01518,US,LA,Non-binary,Mobile,New,61
CUST01519,AU,LA,Non-binary,Desktop,At-Risk,21
CUST01520,FR,Berlin,Female,Mobile,Returning,18
CUST01521,AU,Chicago,Non-binary,Desktop,New,25
CUST01522,AU,New York,Male,Tablet,Inactive,25
CUST01523,UK,London,Male,Mobile,New,18
CUST01524,US,Paris,Prefer not to say,Mobile,VIP,42
CUST01525,US,Paris,Male,Mobile,VIP,55
CUST01526,US,Paris,Female,Tablet,Returning,65
CUST01527,MX,London,Non-binary,Desktop,VIP,56
CUST01528,FR,London,Prefer not to say,Mobile,Returning,59
CUST01529,CA,Mexico City,Female,Desktop,New,53
CUST01530,CA,Sydney,Female,Tablet,VIP,55
CUST01531,UK,LA,Non-binary,Desktop,Returning,35
CUST01532,US,Sydney,Female,Mobile,New,63
CUST01533,UK,Toronto,Male,Desktop,VIP,55
CUST01534,AU,New York,Non-binary,Tablet,At-Risk,43
CUST01535,US,Mexico City,Prefer not to say,Tablet,VIP,42
CUST01536,US,Sydney,Male,Mobile,Returning,35
CUST01537,MX,Chicago,Male,Mobile,At-Risk,34
CUST01538,US,Mexico City,Prefer not to say,Mobile,Returning,49
CUST01539,MX,Paris,Non-binary,Tablet,New,22
CUST01540,UK,Berlin,Female,Mobile,Returning,39
CUST01541,US,Berlin,Non-binary,Desktop,Inactive,60
CUST01542,AU,Chicago,Female,Tablet,Inactive,65
CUST01543,CA,Sydney,Male,Mobile,New,45
CUST01544,US,Sydney,Non-binary,Mobile,New,79
CUST01545,DE,Mexico City,Female,Desktop,New,32
CUST01546,CA,Paris,Non-binary,Desktop,At-Risk,35
CUST01547,UK,Toronto,Male,Tablet,Returning,55
CUST01548,CA,LA,Female,Tablet,New,25
CUST01549,CA,London,Prefer not to say,Mobile,At-Risk,55
CUST01550,US,Chicago,Female,Mobile,Inactive,18
CUST01551,US,Sydney,Prefer not to say,Tablet,New,18
CUST01552,UK,Paris,Prefer not to say,Desktop,New,18
CUST01553,CA,LA,Female,Mobile,Returning,60
CUST01554,AU,Mexico City,Prefer not to say,Desktop,At-Risk,29
CUST01555,US,Berlin,Female,Mobile,At-Risk,55
CUST01556,FR,Toronto,Female,Desktop,VIP,44
CUST01557,US,Toronto,Male,Tablet,Returning,45
CUST01558,CA,New York,Non-binary,Mobile,Returning,43
CUST01559,UK,London,Non-binary,Tablet,New,45
CUST01560,AU,Sydney,Prefer not to say,Mobile,Inactive,53
CUST01561,UK,New York,Female,Tablet,New,18
CUST01562,US,LA,Male,Desktop,At-Risk,45
CUST01563,CA,London,Female,Tablet,At-Risk,18
CUST01564,CA,Berlin,Female,Tablet,At-Risk,65
CUST01565,US,New York,Male,Mobile,Returning,70
CUST01566,AU,Sydney,Male,Desktop,New,39
CUST01567,UK,New York,Non-binary,Desktop,New,49
CUST01568,CA,LA,Prefer not to say,Mobile,Returning,50
CUST01569,AU,New York,Female,Mobile,New,24
CUST01570,UK,Toronto,Non-binary,Tablet,At-Risk,18
CUST01571,CA,London,Female,Desktop,Returning,18
CUST01572,MX,London,Female,Mobile,At-Risk,33
CUST01573,UK,Berlin,Non-binary,Desktop,New,35
CUST01574,UK,Chicago,Male,Tablet,VIP,65
CUST01575,DE,Paris,Non-binary,Tablet,Inactive,34
CUST01576,US,Mexico City,Non-binary,Mobile,VIP,35
CUST01577,US,LA,Female,Desktop,New,45
CUST01578,CA,New York,Non-binary,Tablet,Returning,37
CUST01579,US,Berlin,Non-binary,Tablet,Returning,26
CUST01580,CA,Mexico City,Female,Mobile,New,36
CUST01581,DE,Paris,Prefer not to say,Mobile,VIP,55
CUST01582,DE,Paris,Non-binary,Mobile,Returning,42
CUST01583,US,London,Prefer not to say,Tablet,Returning,47
CUST01584,US,Mexico City,Female,Tablet,At-Risk,35
CUST01585,FR,New York,Male,Desktop,At-Risk,35
CUST01586,UK,New York,Female,Mobile,New,52
CUST01587,CA,Toronto,Prefer not to say,Mobile,New,22
CUST01588,FR,Berlin,Male,Desktop,At-Risk,63
CUST01589,UK,Toronto,Prefer not to say,Tablet,VIP,63
CUST01590,US,Berlin,Female,Desktop,Returning,21
CUST01591,FR,Paris,Male,Desktop,At-Risk,78
CUST01592,,Chicago,Female,Desktop,At-Risk,25
CUST01593,US,Paris,Male,Tablet,Returning,55
CUST01594,US,Paris,Male,Desktop,New,18
CUST01595,MX,Paris,Prefer not to say,Mobile,New,25
CUST01596,US,LA,Prefer not to say,Mobile,VIP,45
CUST01597,FR,New York,Female,Desktop,At-Risk,47
CUST01598,MX,Sydney,Prefer not to say,Desktop,Returning,75
CUST01599,MX,LA,Prefer not to say,Tablet,VIP,35
CUST01600,CA,LA,Female,Desktop,Inactive,55
CUST01601,US,London,Female,Tablet,New,33
CUST01602,MX,New York,Male,Desktop,Returning,18
CUST01603,DE,Paris,Non-binary,Tablet,Returning,65
CUST01604,CA,Paris,Male,Desktop,New,25
CUST01605,US,New York,Prefer not to say,Mobile,New,63
CUST01606,US,Sydney,Prefer not to say,Desktop,VIP,32
CUST01607,DE,Mexico City,Prefer not to say,Mobile,Inactive,33
CUST01608,US,LA,Prefer not to say,Tablet,Returning,29
CUST01609,FR,Paris,Male,Mobile,Returning,75
CUST01610,AU,LA,Prefer not to say,Mobile,VIP,65
CUST01611,CA,Toronto,Male,Desktop,Returning,56
CUST01612,MX,Chicago,Non-binary,Tablet,VIP,42
CUST01613,US,New York,Prefer not to say,Mobile,New,65
CUST01614,US,Berlin,Male,Mobile,New,35
CUST01615,CA,London,Prefer not to say,Tablet,New,25
CUST01616,CA,Mexico City,Male,Desktop,Returning,59
CUST01617,UK,Sydney,Female,Tablet,Returning,34
CUST01618,MX,LA,Prefer not to say,Tablet,Returning,35
CUST01619,AU,London,Non-binary,Desktop,Returning,55
CUST01620,US,Berlin,Prefer not to say,Desktop,Returning,55
CUST01621,UK,Toronto,Prefer not to say,Tablet,Returning,65
CUST01622,US,Toronto,Male,Tablet,Returning,22
CUST01623,AU,Berlin,Female,Desktop,Returning,45
CUST01624,CA,Berlin,Prefer not to say,Mobile,Returning,35
CUST01625,UK,Sydney,Female,Mobile,At-Risk,35
CUST01626,UK,Chicago,Male,Desktop,At-Risk,42
CUST01627,MX,New York,Female,Mobile,New,45
CUST01628,US,Paris,Male,Desktop,Returning,55
CUST01629,DE,LA,Non-binary,Mobile,Returning,67
CUST01630,MX,Toronto,Female,Desktop,Returning,55
CUST01631,US,Toronto,Non-binary,Mobile,Inactive,52
CUST01632,US,Toronto,Prefer not to say,Mobile,Returning,55
CUST01633,UK,Berlin,Female,Mobile,New,72
CUST01634,US,Paris,Prefer not to say,Desktop,New,75
CUST01635,AU,Mexico City,Male,Desktop,New,55
CUST01636,CA,New York,Non-binary,Desktop,At-Risk,45
CUST01637,FR,LA,Male,Mobile,Returning,52
CUST01638,US,Paris,Non-binary,Mobile,New,67
CUST01639,US,LA,Prefer not to say,Tablet,New,42
CUST01640,CA,Berlin,Prefer not to say,Tablet,VIP,35
CUST01641,DE,Chicago,Non-binary,Mobile,At-Risk,20
CUST01642,CA,Chicago,Non-binary,Desktop,New,65
CUST01643,CA,Chicago,Female,Tablet,VIP,25
CUST01644,FR,Toronto,Non-binary,Mobile,New,33
CUST01645,CA,Mexico City,Prefer not to say,Desktop,Returning,69
CUST01646,FR,Mexico City,Non-binary,Tablet,Returning,25
CUST01647,FR,Sydney,Female,Desktop,At-Risk,25
CUST01648,FR,London,Female,Mobile,Returning,18
CUST01649,AU,Berlin,Prefer not to say,Desktop,Returning,18
CUST01650,,Toronto,Non-binary,Tablet,At-Risk,60
CUST01651,US,London,Male,Mobile,Returning,35
CUST01652,US,Chicago,Female,Mobile,New,29
CUST01653,US,London,Non-binary,Mobile,Inactive,18
CUST01654,US,Toronto,Female,Mobile,Returning,55
CUST01655,UK,New York,Non-binary,Tablet,Returning,18
CUST01656,US,Toronto,Male,Tablet,New,45
CUST01657,UK,Paris,Male,Tablet,Returning,41
CUST01658,US,Sydney,Male,Desktop,At-Risk,55
CUST01659,CA,Berlin,Prefer not to say,Tablet,Returning,54
CUST01660,CA,London,Non-binary,Tablet,New,55
CUST01661,UK,Mexico City,Prefer not to say,Desktop,Returning,23
CUST01662,MX,Sydney,Non-binary,Tablet,Returning,71
CUST01663,US,Toronto,Non-binary,Tablet,At-Risk,18
CUST01664,,Toronto,Female,Desktop,VIP,19
CUST01665,,Chicago,Non-binary,Tablet,Returning,25
CUST01666,MX,London,Prefer not to say,Desktop,New,66
CUST01667,CA,Berlin,Prefer not to say,Desktop,Returning,65
CUST01668,MX,Paris,Male,Desktop,At-Risk,22
CUST01669,UK,Toronto,Female,Tablet,New,41
CUST01670,CA,Paris,Non-binary,Tablet,Returning,19
CUST01671,US,London,Male,Mobile,Returning,55
CUST01672,AU,Sydney,Male,Tablet,Inactive,45
CUST01673,UK,Paris,Male,Mobile,New,25
CUST01674,CA,London,Male,Desktop,Returning,62
CUST01675,CA,Chicago,Female,Tablet,Returning,65
CUST01676,UK,Berlin,Non-binary,Tablet,Returning,18
CUST01677,US,LA,Non-binary,Desktop,At-Risk,32
CUST01678,US,Sydney,Non-binary,Desktop,Returning,35
CUST01679,CA,New York,Female,Mobile,Returning,35
CUST01680,MX,Mexico City,Male,Tablet,At-Risk,45
CUST01681,MX,Berlin,Prefer not to say,Desktop,Inactive,23
CUST01682,US,LA,Male,Tablet,New,71
CUST01683,DE,Toronto,Male,Tablet,Returning,54
CUST01684,UK,Berlin,Male,Mobile,New,65
CUST01685,UK,Paris,Male,Desktop,At-Risk,55
CUST01686,DE,Toronto,Non-binary,Desktop,New,49
CUST01687,DE,Mexico City,Prefer not to say,Tablet,At-Risk,65
CUST01688,CA,Chicago,Female,Mobile,At-Risk,65
CUST01689,US,New York,Female,Tablet,Returning,18
CUST01690,CA,Toronto,Non-binary,Mobile,VIP,25
CUST01691,US,Sydney,Male,Desktop,New,38
CUST01692,MX,Paris,Female,Mobile,Returning,19
CUST01693,US,Mexico City,Male,Mobile,Inactive,21
CUST01694,UK,Berlin,Prefer not to say,Mobile,Returning,65
CUST01695,CA,LA,Prefer not to say,Mobile,New,45
CUST01696,MX,London,Male,Desktop,Returning,18
CUST01697,US,Paris,Prefer not to say,Mobile,New,65
CUST01698,CA,Toronto,Female,Tablet,New,18
CUST01699,US,New York,Male,Tablet,VIP,25
CUST01700,CA,Chicago,Prefer not to say,Mobile,Returning,40
CUST01701,AU,LA,Female,Mobile,New,65
CUST01702,MX,London,Non-binary,Mobile,Returning,65
CUST01703,US,Chicago,Prefer not to say,Mobile,New,45
CUST01704,AU,LA,Male,Desktop,New,55
CUST01705,MX,Sydney,Prefer not to say,Desktop,New,20
CUST01706,US,New York,Non-binary,Desktop,At-Risk,56
CUST01707,CA,LA,Prefer not to say,Desktop,VIP,66
CUST01708,US,Chicago,Female,Tablet,Returning,25
CUST01709,AU,LA,Female,Mobile,New,45
CUST01710,CA,Sydney,Non-binary,Mobile,VIP,38
CUST01711,FR,New York,Prefer not to say,Tablet,Returning,25
CUST01712,US,Toronto,Female,Desktop,Returning,25
CUST01713,UK,Toronto,Prefer not to say,Desktop,At-Risk,50
CUST01714,CA,London,Non-binary,Desktop,Returning,55
CUST01715,,Sydney,Male,Tablet,At-Risk,54
CUST01716,CA,Paris,Male,Tablet,At-Risk,18
CUST01717,UK,London,Female,Desktop,New,19
CUST01718,UK,Mexico City,Female,Desktop,Inactive,19
CUST01719,US,New York,Female,Tablet,New,65
CUST01720,DE,Mexico City,Male,Tablet,Returning,26
CUST01721,AU,Chicago,Male,Tablet,New,55
CUST01722,DE,Chicago,Prefer not to say,Mobile,At-Risk,25
CUST01723,CA,Paris,Prefer not to say,Desktop,Inactive,45
CUST01724,US,Mexico City,Non-binary,Mobile,New,22
CUST01725,DE,Paris,Female,Mobile,New,18
CUST01726,MX,Paris,Female,Mobile,Returning,25
CUST01727,US,Paris,Male,Tablet,New,35
CUST01728,US,London,Non-binary,Mobile,Returning,28
CUST01729,CA,Sydney,Female,Tablet,New,56
CUST01730,UK,Chicago,Male,Tablet,Returning,79
CUST01731,MX,Sydney,Prefer not to say,Tablet,New,38
CUST01732,UK,LA,Male,Tablet,New,40
CUST01733,US,Paris,Prefer not to say,Mobile,Returning,65
CUST01734,AU,London,Non-binary,Desktop,New,65
CUST01735,US,Sydney,Female,Tablet,New,20
CUST01736,MX,Sydney,Prefer not to say,Tablet,VIP,65
CUST01737,US,LA,Male,Mobile,New,62
CUST01738,DE,Paris,Prefer not to say,Tablet,VIP,65
CUST01739,UK,Mexico City,Male,Desktop,Returning,45
CUST01740,FR,Chicago,Male,Tablet,New,24
CUST01741,CA,Sydney,Non-binary,Desktop,At-Risk,49
CUST01742,CA,New York,Non-binary,Desktop,New,28
CUST01743,US,Mexico City,Non-binary,Tablet,Returning,30
CUST01744,UK,Mexico City,Female,Desktop,Returning,18
CUST01745,AU,Berlin,Prefer not to say,Tablet,Returning,18
CUST01746,CA,Berlin,Prefer not to say,Desktop,Returning,69
CUST01747,CA,London,Non-binary,Tablet,New,20
CUST01748,DE,LA,Male,Tablet,New,75
CUST01749,CA,Mexico City,Non-binary,Desktop,VIP,25
CUST01750,AU,LA,Non-binary,Mobile,Returning,44
CUST01751,UK,London,Male,Desktop,VIP,30
CUST01752,US,Toronto,Female,Mobile,Returning,25
CUST01753,DE,Paris,Female,Desktop,At-Risk,45
CUST01754,MX,Paris,Non-binary,Tablet,Returning,80
CUST01755,MX,Toronto,Non-binary,Tablet,VIP,35
CUST01756,US,Toronto,Female,Mobile,At-Risk,43
CUST01757,UK,Toronto,Non-binary,Tablet,Returning,62
CUST01758,US,New York,Prefer not to say,Tablet,New,46
CUST01759,MX,Chicago,Male,Tablet,Inactive,24
CUST01760,US,Chicago,Male,Tablet,Returning,35
CUST01761,DE,New York,Prefer not to say,Desktop,Inactive,35
CUST01762,US,Mexico City,Non-binary,Desktop,Returning,65
CUST01763,MX,Berlin,Male,Tablet,At-Risk,29
CUST01764,DE,LA,Male,Tablet,At-Risk,18
CUST01765,AU,Chicago,Female,Mobile,New,25
CUST01766,CA,Paris,Prefer not to say,Desktop,New,21
CUST01767,US,London,Non-binary,Mobile,New,35
CUST01768,UK,Paris,Female,Mobile,New,20
CUST01769,US,LA,Non-binary,Mobile,Returning,39
CUST01770,UK,LA,Female,Mobile,VIP,21
CUST01771,CA,Berlin,Male,Mobile,Returning,54
CUST01772,UK,Berlin,Male,Tablet,Returning,25
CUST01773,CA,Sydney,Female,Tablet,New,58
CUST01774,DE,LA,Non-binary,Desktop,Inactive,18
CUST01775,US,LA,Prefer not to say,Mobile,Returning,63
CUST01776,CA,Mexico City,Prefer not to say,Desktop,Inactive,45
CUST01777,UK,Berlin,Female,Mobile,Returning,18
CUST01778,MX,Sydney,Male,Tablet,Returning,23
CUST01779,CA,Mexico City,Prefer not to say,Tablet,Returning,58
CUST01780,CA,Toronto,Non-binary,Tablet,Returning,28
CUST01781,MX,Sydney,Male,Desktop,Returning,18
CUST01782,MX,London,Male,Tablet,Returning,35
CUST01783,US,Mexico City,Female,Tablet,At-Risk,35
CUST01784,UK,London,Prefer not to say,Mobile,New,21
CUST01785,FR,Mexico City,Female,Tablet,VIP,45
CUST01786,US,Chicago,Female,Tablet,New,25
CUST01787,UK,New York,Male,Desktop,Returning,25
CUST01788,CA,Berlin,Female,Desktop,Inactive,18
CUST01789,MX,Toronto,Non-binary,Desktop,New,18
CUST01790,FR,London,Prefer not to say,Tablet,New,35
CUST01791,MX,Toronto,Prefer not to say,Desktop,At-Risk,35
CUST01792,AU,Sydney,Female,Tablet,New,45
CUST01793,FR,Sydney,Male,Mobile,New,18
CUST01794,AU,Paris,Non-binary,Tablet,Inactive,35
CUST01795,CA,Paris,Female,Mobile,At-Risk,23
CUST01796,US,Sydney,Prefer not to say,Mobile,Inactive,55
CUST01797,MX,LA,Female,Desktop,New,25
CUST01798,AU,New York,Female,Mobile,Returning,25
CUST01799,DE,Berlin,Non-binary,Mobile,Inactive,18
CUST01800,FR,Chicago,Non-binary,Tablet,Returning,21
CUST01801,FR,Sydney,Male,Desktop,Returning,30
CUST01802,UK,Chicago,Non-binary,Mobile,Returning,35
CUST01803,MX,Chicago,Non-binary,Desktop,Returning,55
CUST01804,FR,New York,Male,Desktop,New,25
CUST01805,US,Mexico City,Male,Mobile,New,65
CUST01806,FR,Paris,Prefer not to say,Tablet,New,52
CUST01807,DE,Sydney,Prefer not to say,Mobile,Returning,35
CUST01808,US,Chicago,Prefer not to say,Desktop,New,25
CUST01809,AU,London,Female,Mobile,Returning,18
CUST01810,UK,Chicago,Non-binary,Mobile,Inactive,25
CUST01811,MX,Sydney,Prefer not to say,Desktop,VIP,50
CUST01812,FR,Mexico City,Female,Mobile,New,45
CUST01813,DE,Berlin,Prefer not to say,Tablet,Inactive,28
CUST01814,FR,Chicago,Prefer not to say,Mobile,New,35
CUST01815,CA,Toronto,Female,Desktop,Returning,64
CUST01816,MX,Sydney,Male,Tablet,Returning,62
CUST01817,FR,Chicago,Prefer not to say,Tablet,New,26
CUST01818,MX,Chicago,Prefer not to say,Desktop,Returning,35
CUST01819,AU,LA,Male,Mobile,At-Risk,66
CUST01820,CA,Berlin,Female,Tablet,Returning,18
CUST01821,US,Berlin,Prefer not to say,Desktop,Returning,35
CUST01822,CA,Mexico City,Female,Mobile,New,43
CUST01823,UK,Mexico City,Prefer not to say,Tablet,Returning,55
CUST01824,US,Sydney,Male,Mobile,Inactive,65
CUST01825,MX,New York,Non-binary,Desktop,New,48
CUST01826,UK,Berlin,Non-binary,Mobile,Inactive,18
CUST01827,US,Paris,Female,Mobile,Returning,25
CUST01828,FR,LA,Non-binary,Tablet,New,35
CUST01829,DE,Chicago,Non-binary,Desktop,Returning,55
CUST01830,UK,Chicago,Male,Tablet,Returning,18
CUST01831,CA,Berlin,Male,Desktop,Inactive,45
CUST01832,FR,New York,Female,Tablet,Returning,19
CUST01833,US,Sydney,Prefer not to say,Desktop,Returning,44
CUST01834,CA,Berlin,Prefer not to say,Desktop,Returning,65
CUST01835,CA,Toronto,Prefer not to say,Desktop,New,79
CUST01836,FR,Berlin,Male,Mobile,At-Risk,19
CUST01837,US,LA,Female,Tablet,New,19
CUST01838,US,Berlin,Male,Mobile,VIP,24
CUST01839,FR,LA,Male,Mobile,At-Risk,35
CUST01840,AU,LA,Male,Desktop,New,18
CUST01841,,Paris,Non-binary,Tablet,VIP,22
CUST01842,US,Chicago,Prefer not to say,Desktop,Inactive,65
CUST01843,US,New York,Male,Mobile,New,50
CUST01844,US,Toronto,Male,Tablet,Returning,55
CUST01845,US,Toronto,Female,Desktop,At-Risk,35
CUST01846,DE,London,Female,Desktop,Returning,45
CUST01847,UK,London,Non-binary,Mobile,VIP,18
CUST01848,UK,New York,Prefer not to say,Mobile,Inactive,43
CUST01849,US,Berlin,Non-binary,Tablet,VIP,66
CUST01850,DE,Berlin,Prefer not to say,Desktop,VIP,35
CUST01851,CA,Toronto,Female,Tablet,Returning,45
CUST01852,CA,Sydney,Non-binary,Desktop,Returning,46
CUST01853,US,Paris,Prefer not to say,Mobile,VIP,28
CUST01854,FR,New York,Prefer not to say,Tablet,Returning,25
CUST01855,DE,New York,Prefer not to say,Desktop,New,28
CUST01856,US,Chicago,Non-binary,Tablet,Returning,18
CUST01857,UK,Paris,Prefer not to say,Mobile,VIP,60
CUST01858,CA,Berlin,Prefer not to say,Tablet,New,19
CUST01859,UK,Paris,Prefer not to say,Mobile,At-Risk,50
CUST01860,US,Paris,Male,Tablet,Returning,44
CUST01861,CA,Chicago,Non-binary,Tablet,Returning,65
CUST01862,US,Toronto,Female,Desktop,Returning,47
CUST01863,FR,Mexico City,Non-binary,Tablet,At-Risk,53
CUST01864,US,Toronto,Female,Mobile,Inactive,25
CUST01865,US,LA,Prefer not to say,Mobile,Returning,35
CUST01866,UK,London,Male,Desktop,Returning,45
CUST01867,AU,New York,Prefer not to say,Mobile,Returning,31
CUST01868,CA,Sydney,Female,Desktop,At-Risk,35
CUST01869,CA,Toronto,Female,Tablet,At-Risk,55
CUST01870,AU,Toronto,Non-binary,Mobile,VIP,19
CUST01871,US,Chicago,Non-binary,Mobile,New,37
CUST01872,MX,Chicago,Prefer not to say,Tablet,Returning,24
CUST01873,DE,LA,Non-binary,Desktop,At-Risk,45
CUST01874,DE,Chicago,Non-binary,Mobile,New,52
CUST01875,UK,Berlin,Prefer not to say,Tablet,Returning,45
CUST01876,FR,Berlin,Male,Tablet,Returning,39
CUST01877,DE,New York,Female,Desktop,At-Risk,18
CUST01878,US,Toronto,Male,Desktop,Returning,20
CUST01879,US,LA,Prefer not to say,Desktop,Returning,46
CUST01880,MX,Chicago,Male,Mobile,At-Risk,70
CUST01881,CA,Mexico City,Male,Mobile,New,25
CUST01882,UK,Toronto,Female,Mobile,New,20
CUST01883,MX,New York,Non-binary,Desktop,VIP,70
CUST01884,MX,Toronto,Male,Mobile,New,59
CUST01885,US,Berlin,Female,Desktop,VIP,42
CUST01886,US,London,Non-binary,Tablet,VIP,73
CUST01887,US,London,Non-binary,Mobile,At-Risk,27
CUST01888,US,New York,Prefer not to say,Tablet,New,65
CUST01889,UK,LA,Male,Desktop,New,54
CUST01890,US,London,Female,Tablet,VIP,57
CUST01891,US,London,Female,Tablet,Returning,67
CUST01892,US,Toronto,Prefer not to say,Tablet,At-Risk,25
CUST01893,UK,Chicago,Prefer not to say,Desktop,Returning,45
CUST01894,FR,LA,Male,Mobile,New,31
CUST01895,CA,Paris,Female,Mobile,Returning,18
CUST01896,FR,Berlin,Male,Desktop,Inactive,25
CUST01897,CA,London,Female,Desktop,At-Risk,23
CUST01898,FR,New York,Prefer not to say,Mobile,Inactive,69
CUST01899,AU,Mexico City,Non-binary,Desktop,Returning,25
CUST01900,UK,Chicago,Female,Mobile,VIP,18
CUST01901,US,Sydney,Prefer not to say,Mobile,Returning,21
CUST01902,US,London,Non-binary,Tablet,New,65
CUST01903,US,Toronto,Female,Tablet,New,68
CUST01904,US,Paris,Prefer not to say,Mobile,At-Risk,55
CUST01905,CA,Berlin,Prefer not to say,Desktop,New,42
CUST01906,FR,Mexico City,Female,Desktop,VIP,36
CUST01907,DE,Berlin,Non-binary,Mobile,Returning,45
CUST01908,FR,Paris,Male,Tablet,Returning,57
CUST01909,CA,Mexico City,Female,Mobile,Returning,65
CUST01910,US,Chicago,Female,Mobile,Returning,63
CUST01911,US,Mexico City,Male,Tablet,At-Risk,45
CUST01912,CA,Chicago,Female,Tablet,VIP,55
CUST01913,CA,Berlin,Prefer not to say,Tablet,At-Risk,69
CUST01914,DE,LA,Female,Tablet,VIP,35
CUST01915,US,Mexico City,Male,Desktop,New,80
CUST01916,CA,London,Female,Tablet,At-Risk,25
CUST01917,US,LA,Female,Mobile,New,19
CUST01918,US,LA,Prefer not to say,Desktop,Returning,35
CUST01919,AU,Paris,Non-binary,Mobile,Returning,55
CUST01920,DE,New York,Prefer not to say,Mobile,VIP,45
CUST01921,US,Paris,Male,Desktop,VIP,41
CUST01922,FR,Paris,Male,Desktop,Inactive,54
CUST01923,CA,Toronto,Male,Desktop,New,57
CUST01924,US,New York,Non-binary,Desktop,Inactive,57
CUST01925,US,New York,Female,Tablet,Returning,64
CUST01926,UK,Chicago,Prefer not to say,Desktop,New,50
CUST01927,UK,London,Male,Tablet,VIP,65
CUST01928,UK,New York,Non-binary,Tablet,At-Risk,35
CUST01929,FR,LA,Female,Desktop,Inactive,26
CUST01930,MX,Chicago,Prefer not to say,Mobile,At-Risk,72
CUST01931,CA,Sydney,Female,Tablet,Returning,69
CUST01932,US,New York,Prefer not to say,Desktop,New,25
CUST01933,US,Berlin,Male,Desktop,Returning,67
CUST01934,MX,LA,Male,Mobile,VIP,55
CUST01935,UK,Toronto,Female,Mobile,Returning,45
CUST01936,DE,Sydney,Non-binary,Tablet,VIP,25
CUST01937,FR,LA,Male,Mobile,Returning,31
CUST01938,US,New York,Non-binary,Mobile,VIP,74
CUST01939,UK,Mexico City,Male,Desktop,New,65
CUST01940,US,Toronto,Prefer not to say,Desktop,At-Risk,45
CUST01941,US,Mexico City,Male,Mobile,Returning,45
CUST01942,US,LA,Female,Mobile,Returning,18
CUST01943,CA,Paris,Male,Desktop,At-Risk,29
CUST01944,US,Berlin,Prefer not to say,Desktop,VIP,25
CUST01945,UK,Mexico City,Prefer not to say,Tablet,Inactive,63
CUST01946,US,Sydney,Male,Desktop,Returning,60
CUST01947,US,Chicago,Male,Desktop,New,62
CUST01948,UK,Berlin,Non-binary,Tablet,At-Risk,71
CUST01949,UK,Mexico City,Female,Desktop,Returning,55
CUST01950,UK,LA,Non-binary,Tablet,Returning,35
CUST01951,DE,Berlin,Female,Tablet,New,56
CUST01952,US,Paris,Non-binary,Desktop,Returning,35
CUST01953,FR,Chicago,Non-binary,Mobile,At-Risk,30
CUST01954,AU,Toronto,Prefer not to say,Tablet,returning,55
CUST01955,AU,Toronto,Female,Tablet,At-Risk,75
CUST01956,,Berlin,Female,Desktop,At-Risk,65
CUST01957,DE,Chicago,Non-binary,Tablet,Returning,53
CUST01958,MX,New York,Male,Mobile,Inactive,56
CUST01959,UK,London,Prefer not to say,Mobile,Returning,55
CUST01960,FR,Sydney,Prefer not to say,Desktop,Returning,49
CUST01961,US,New York,Male,Mobile,Returning,18
CUST01962,UK,LA,Prefer not to say,Mobile,New,35
CUST01963,US,London,Non-binary,Desktop,New,18
CUST01964,DE,London,Non-binary,Mobile,Returning,55
CUST01965,DE,Chicago,Prefer not to say,Mobile,At-Risk,35
CUST01966,US,London,Prefer not to say,Mobile,Returning,18
CUST01967,US,Chicago,Female,Mobile,Returning,25
CUST01968,US,Paris,Prefer not to say,Mobile,Returning,65
CUST01969,MX,Chicago,Prefer not to say,Tablet,Returning,65
CUST01970,UK,Sydney,Prefer not to say,Tablet,New,44
CUST01971,UK,Sydney,Female,Desktop,Returning,55
CUST01972,DE,Chicago,Prefer not to say,Mobile,VIP,70
CUST01973,MX,London,Female,Desktop,New,44
CUST01974,FR,LA,Prefer not to say,Tablet,New,55
CUST01975,DE,New York,Prefer not to say,Desktop,Returning,35
CUST01976,US,Toronto,Non-binary,Desktop,New,45
CUST01977,US,Mexico City,Female,Mobile,New,29
CUST01978,US,Chicago,Male,Tablet,VIP,18
CUST01979,US,Sydney,Female,Desktop,Inactive,55
CUST01980,US,Chicago,Male,Mobile,Returning,25
CUST01981,US,Chicago,Non-binary,Tablet,VIP,55
CUST01982,US,Toronto,Male,Mobile,At-Risk,18
CUST01983,US,Sydney,Non-binary,Tablet,New,55
CUST01984,US,Berlin,Female,Desktop,At-Risk,33
CUST01985,UK,Chicago,Male,Desktop,Returning,18
CUST01986,DE,London,Prefer not to say,Mobile,Returning,35
CUST01987,US,New York,Male,Desktop,New,65
CUST01988,UK,Paris,Prefer not to say,Tablet,At-Risk,55
CUST01989,CA,Paris,Non-binary,Tablet,Returning,59
CUST01990,UK,New York,Female,Mobile,New,45
CUST01991,US,Paris,Prefer not to say,Desktop,Inactive,55
CUST01992,UK,Toronto,Prefer not to say,Tablet,At-Risk,32
CUST01993,DE,London,Prefer not to say,Mobile,New,65
CUST01994,UK,Sydney,Prefer not to say,Desktop,Returning,35
CUST01995,US,Toronto,Female,Tablet,Inactive,50
CUST01996,CA,Paris,Prefer not to say,Mobile,Returning,18
CUST01997,UK,Sydney,Male,Desktop,Returning,55
CUST01998,UK,LA,Female,Tablet,New,26
CUST01999,US,Mexico City,Non-binary,Mobile,Returning,23
CUST02000,DE,Berlin,Non-binary,Desktop,Returning,46
CUST02001,US,Paris,Male,Tablet,At-Risk,53
CUST02002,UK,Chicago,Prefer not to say,Desktop,Inactive,24
CUST02003,AU,Chicago,Female,Mobile,Returning,65
CUST02004,CA,New York,Non-binary,Mobile,VIP,45
CUST02005,MX,Chicago,Prefer not to say,Tablet,New,64
CUST02006,US,New York,Non-binary,Tablet,New,18
CUST02007,UK,Sydney,Male,Mobile,Inactive,25
CUST02008,DE,Sydney,Non-binary,Tablet,Inactive,71
CUST02009,FR,Chicago,Non-binary,Tablet,Returning,67
CUST02010,US,Berlin,Non-binary,Desktop,Returning,45
CUST02011,US,London,Male,Mobile,Returning,59
CUST02012,US,LA,Non-binary,Desktop,Inactive,49
CUST02013,DE,Toronto,Female,Tablet,New,39
CUST02014,CA,Paris,Female,Desktop,Returning,18
CUST02015,CA,Sydney,Prefer not to say,Desktop,Returning,18
CUST02016,MX,Chicago,Non-binary,Mobile,New,25
CUST02017,MX,LA,Male,Mobile,New,23
CUST02018,US,New York,Male,Desktop,Returning,65
CUST02019,CA,Berlin,Male,Mobile,VIP,44
CUST02020,US,LA,Male,Tablet,Inactive,18
CUST02021,MX,London,Male,Tablet,New,45
CUST02022,UK,Chicago,Male,Desktop,At-Risk,55
CUST02023,CA,Berlin,Female,Tablet,Returning,18
CUST02024,UK,Paris,Prefer not to say,Mobile,New,36
CUST02025,CA,Chicago,Female,Mobile,New,33
CUST02026,US,Sydney,Female,Mobile,New,25
CUST02027,CA,Toronto,Prefer not to say,Desktop,Returning,65
CUST02028,FR,London,Female,Desktop,Returning,73
CUST02029,US,LA,Male,Mobile,New,45
CUST02030,US,Paris,Non-binary,Desktop,Returning,52
CUST02031,MX,Chicago,Male,Mobile,Returning,65
CUST02032,US,Berlin,Female,Mobile,At-Risk,45
CUST02033,UK,London,Female,Tablet,Returning,55
CUST02034,US,Berlin,Non-binary,Desktop,Returning,76
CUST02035,UK,Berlin,Non-binary,Tablet,New,30
CUST02036,DE,New York,Prefer not to say,Tablet,New,58
CUST02037,UK,Berlin,Male,Desktop,New,45
CUST02038,UK,Toronto,Non-binary,Tablet,Inactive,48
CUST02039,CA,Toronto,Non-binary,Desktop,At-Risk,80
CUST02040,US,Sydney,Female,Desktop,New,18
CUST02041,US,Mexico City,Prefer not to say,Mobile,Returning,44
CUST02042,CA,Sydney,Female,Tablet,VIP,55
CUST02043,US,Berlin,Female,Tablet,Returning,45
CUST02044,FR,Toronto,Prefer not to say,Mobile,New,46
CUST02045,US,London,Prefer not to say,Mobile,New,69
CUST02046,AU,London,Non-binary,Tablet,Returning,25
CUST02047,US,LA,Male,Mobile,Inactive,18
CUST02048,US,Mexico City,Prefer not to say,Tablet,Returning,45
CUST02049,DE,Berlin,Male,Desktop,At-Risk,35
CUST02050,UK,LA,Male,Mobile,VIP,35
CUST02051,UK,Sydney,Non-binary,Mobile,Returning,79
CUST02052,US,Paris,Female,Mobile,At-Risk,60
CUST02053,UK,LA,Female,Tablet,VIP,56
CUST02054,MX,Toronto,Male,Mobile,Returning,35
CUST02055,DE,Berlin,Non-binary,Desktop,New,35
CUST02056,UK,LA,Male,Tablet,New,24
CUST02057,UK,Berlin,Male,Tablet,VIP,64
CUST02058,US,Paris,Non-binary,Mobile,Returning,35
CUST02059,CA,Chicago,Non-binary,Desktop,Inactive,78
CUST02060,MX,Berlin,Male,Desktop,Inactive,19
CUST02061,MX,London,Non-binary,Mobile,New,18
CUST02062,UK,LA,Non-binary,Mobile,Returning,55
CUST02063,CA,Toronto,Male,Mobile,New,18
CUST02064,UK,LA,Non-binary,Tablet,Inactive,62
CUST02065,MX,Paris,Male,Tablet,Returning,18
CUST02066,US,New York,Male,Desktop,New,18
CUST02067,MX,Chicago,Female,Mobile,New,55
CUST02068,FR,LA,Male,Desktop,VIP,63
CUST02069,US,Mexico City,Female,Desktop,VIP,25
CUST02070,CA,Toronto,Prefer not to say,Tablet,At-Risk,55
CUST02071,US,Toronto,Non-binary,Desktop,VIP,55
CUST02072,MX,Toronto,Male,Tablet,New,57
CUST02073,DE,LA,Prefer not to say,Tablet,New,49
CUST02074,AU,LA,Female,Mobile,Returning,25
CUST02075,US,LA,Prefer not to say,Mobile,returning,73
CUST02076,US,Toronto,Male,Tablet,New,55
CUST02077,,Chicago,Male,Desktop,Returning,26
CUST02078,FR,Sydney,Female,Tablet,VIP,56
CUST02079,CA,Toronto,Prefer not to say,Desktop,At-Risk,25
CUST02080,US,Sydney,Female,Mobile,New,43
CUST02081,UK,LA,Non-binary,Mobile,New,35
CUST02082,MX,Mexico City,Male,Tablet,Returning,18
CUST02083,FR,London,Prefer not to say,Desktop,Returning,33
CUST02084,US,New York,Female,Tablet,Inactive,45
CUST02085,UK,Chicago,Male,Desktop,Returning,55
CUST02086,CA,Mexico City,Non-binary,Tablet,New,65
CUST02087,DE,London,Non-binary,Mobile,New,18
CUST02088,DE,Mexico City,Female,Tablet,At-Risk,63
CUST02089,US,Mexico City,Prefer not to say,Tablet,Returning,20
CUST02090,US,London,Prefer not to say,Desktop,New,25
CUST02091,US,Berlin,Male,Desktop,Returning,65
CUST02092,US,Berlin,Non-binary,Desktop,New,35
CUST02093,CA,Mexico City,Male,Tablet,New,48
CUST02094,US,New York,Female,Desktop,Returning,25
CUST02095,US,Mexico City,Prefer not to say,Tablet,Inactive,65
CUST02096,US,London,Male,Tablet,New,35
CUST02097,FR,Toronto,Male,Desktop,At-Risk,56
CUST02098,US,Mexico City,Female,Mobile,At-Risk,18
CUST02099,UK,New York,Prefer not to say,Mobile,VIP,33
CUST02100,US,London,Male,Desktop,Returning,55
CUST02101,UK,New York,Male,Tablet,VIP,55
CUST02102,CA,Chicago,Female,Tablet,New,25
CUST02103,,London,Prefer not to say,Mobile,New,32
CUST02104,DE,Toronto,Non-binary,Tablet,New,25
CUST02105,MX,Chicago,Prefer not to say,Desktop,VIP,25
CUST02106,US,Paris,Male,Mobile,New,63
CUST02107,US,Paris,Female,Tablet,Returning,29
CUST02108,AU,Mexico City,Non-binary,Desktop,VIP,55
CUST02109,FR,Sydney,Prefer not to say,Mobile,New,55
CUST02110,CA,New York,Female,Desktop,Returning,35
CUST02111,UK,LA,Female,Mobile,At-Risk,24
CUST02112,UK,Paris,Female,Mobile,Returning,22
CUST02113,US,New York,Male,Mobile,New,27
CUST02114,CA,London,Non-binary,Desktop,Returning,55
CUST02115,US,Toronto,Female,Mobile,Returning,45
CUST02116,UK,LA,Prefer not to say,Tablet,Returning,25
CUST02117,AU,London,Non-binary,Mobile,Returning,35
CUST02118,FR,New York,Male,Desktop,New,67
CUST02119,DE,Toronto,Prefer not to say,Mobile,New,18
CUST02120,CA,New York,Female,Desktop,At-Risk,23
CUST02121,US,London,Non-binary,Mobile,Returning,55
CUST02122,DE,Sydney,Non-binary,Desktop,Returning,65
CUST02123,US,New York,Non-binary,Desktop,Returning,35
CUST02124,MX,New York,Male,Tablet,New,52
CUST02125,CA,Berlin,Non-binary,Tablet,Returning,78
CUST02126,DE,Chicago,Non-binary,Tablet,New,18
CUST02127,FR,Chicago,Prefer not to say,Tablet,Returning,19
CUST02128,FR,Toronto,Female,Desktop,New,46
CUST02129,UK,New York,Female,Mobile,Returning,63
CUST02130,US,London,Male,Tablet,At-Risk,20
CUST02131,CA,Chicago,Prefer not to say,Desktop,VIP,69
CUST02132,MX,Mexico City,Male,Desktop,At-Risk,74
CUST02133,FR,Paris,Non-binary,Tablet,New,18
CUST02134,FR,London,Prefer not to say,Desktop,VIP,65
CUST02135,MX,Mexico City,Prefer not to say,Mobile,New,65
CUST02136,US,Paris,Non-binary,Tablet,At-Risk,49
CUST02137,CA,New York,Female,Desktop,At-Risk,44
CUST02138,CA,Chicago,Non-binary,Mobile,Returning,35
CUST02139,FR,London,Prefer not to say,Desktop,Returning,18
CUST02140,DE,New York,Female,Tablet,Returning,59
CUST02141,UK,Chicago,Non-binary,Desktop,Returning,65
CUST02142,DE,Berlin,Male,Desktop,New,80
CUST02143,CA,Toronto,Female,Desktop,New,25
CUST02144,DE,LA,Prefer not to say,Tablet,At-Risk,35
CUST02145,US,Sydney,Prefer not to say,Tablet,VIP,24
CUST02146,DE,LA,Female,Desktop,New,31
CUST02147,FR,New York,Prefer not to say,Mobile,Inactive,40
CUST02148,DE,Berlin,Prefer not to say,Mobile,Returning,56
CUST02149,UK,New York,Male,Mobile,At-Risk,76
CUST02150,DE,Paris,Male,Tablet,Returning,18
CUST02151,US,Berlin,Prefer not to say,Tablet,VIP,29
CUST02152,DE,Paris,Male,Tablet,Inactive,18
CUST02153,CA,Chicago,Male,Mobile,At-Risk,61
CUST02154,US,London,Male,Tablet,Returning,55
CUST02155,MX,New York,Female,Desktop,Returning,55
CUST02156,US,Chicago,Male,Mobile,Returning,55
CUST02157,CA,London,Male,Tablet,New,47
CUST02158,US,New York,Non-binary,Tablet,Returning,58
CUST02159,UK,New York,Male,Mobile,Returning,45
CUST02160,US,New York,Female,Desktop,Inactive,18
CUST02161,US,Sydney,Male,Desktop,Returning,23
CUST02162,US,London,Non-binary,Desktop,At-Risk,25
CUST02163,UK,LA,Prefer not to say,Tablet,Returning,26
CUST02164,UK,Toronto,Non-binary,Desktop,Inactive,78
CUST02165,US,New York,Prefer not to say,Mobile,At-Risk,35
CUST02166,UK,Mexico City,Female,Desktop,Inactive,80
CUST02167,FR,LA,Male,Mobile,Returning,35
CUST02168,AU,New York,Non-binary,Tablet,New,65
CUST02169,CA,New York,Prefer not to say,Desktop,Returning,35
CUST02170,DE,Paris,Prefer not to say,Tablet,Returning,72
CUST02171,DE,Sydney,Male,Tablet,VIP,64
CUST02172,CA,Toronto,Female,Desktop,Returning,55
CUST02173,US,Toronto,Female,Mobile,At-Risk,56
CUST02174,CA,Paris,Prefer not to say,Tablet,At-Risk,26
CUST02175,DE,Mexico City,Prefer not to say,Mobile,New,65
CUST02176,UK,New York,Prefer not to say,Mobile,Inactive,45
CUST02177,UK,Toronto,Non-binary,Tablet,New,74
CUST02178,FR,Mexico City,Female,Tablet,At-Risk,25
CUST02179,CA,Paris,Male,Mobile,At-Risk,18
CUST02180,DE,Mexico City,Female,Desktop,Returning,51
CUST02181,FR,London,Male,Tablet,Returning,34
CUST02182,CA,Toronto,Male,Tablet,Returning,51
CUST02183,FR,Toronto,Non-binary,Tablet,At-Risk,65
CUST02184,,Chicago,Female,Tablet,Returning,35
CUST02185,CA,New York,Female,Desktop,At-Risk,65
CUST02186,US,Paris,Prefer not to say,Desktop,At-Risk,72
CUST02187,MX,LA,Female,Tablet,New,55
CUST02188,US,London,Male,Desktop,Returning,54
CUST02189,AU,Paris,Female,Tablet,New,44
CUST02190,UK,Chicago,Male,Tablet,Returning,65
CUST02191,CA,Sydney,Prefer not to say,Desktop,New,38
CUST02192,US,Sydney,Female,Tablet,VIP,18
CUST02193,US,New York,Male,Tablet,New,58
CUST02194,UK,Chicago,Male,Desktop,Inactive,45
CUST02195,FR,Toronto,Female,Mobile,New,55
CUST02196,US,Chicago,Female,Desktop,Returning,35
CUST02197,UK,Sydney,Male,Mobile,Inactive,55
CUST02198,US,New York,Prefer not to say,Mobile,Returning,18
CUST02199,UK,Sydney,Prefer not to say,Tablet,Returning,72
CUST02200,US,LA,Non-binary,Desktop,New,34
CUST02201,AU,Berlin,Male,Mobile,At-Risk,31
CUST02202,UK,LA,Prefer not to say,Desktop,Inactive,18
CUST02203,UK,LA,Prefer not to say,Desktop,VIP,30
CUST02204,UK,Mexico City,Female,Mobile,At-Risk,65
CUST02205,FR,Mexico City,Female,Mobile,At-Risk,23
CUST02206,UK,Mexico City,Non-binary,Tablet,New,45
CUST02207,DE,Paris,Female,Tablet,New,54
CUST02208,US,Berlin,Prefer not to say,Mobile,VIP,55
CUST02209,UK,Mexico City,Prefer not to say,Desktop,New,65
CUST02210,UK,Sydney,Female,Desktop,New,65
CUST02211,CA,Chicago,Male,Tablet,Returning,18
CUST02212,US,Chicago,Male,Desktop,Returning,73
CUST02213,US,Sydney,Male,Tablet,Returning,44
CUST02214,US,Chicago,Male,Tablet,New,65
CUST02215,MX,New York,Non-binary,Mobile,At-Risk,52
CUST02216,UK,New York,Female,Mobile,At-Risk,35
CUST02217,US,Toronto,Prefer not to say,Tablet,VIP,55
CUST02218,,Chicago,Non-binary,Tablet,Inactive,59
CUST02219,,LA,Non-binary,Desktop,Returning,58
CUST02220,UK,New York,Prefer not to say,Mobile,Inactive,46
CUST02221,UK,Sydney,Female,Tablet,Returning,52
CUST02222,US,Paris,Male,Tablet,Returning,57
CUST02223,FR,Mexico City,Prefer not to say,Desktop,Returning,45
CUST02224,DE,Chicago,Female,Desktop,Returning,51
CUST02225,UK,Mexico City,Non-binary,Tablet,New,65
CUST02226,FR,Toronto,Non-binary,Mobile,VIP,25
CUST02227,CA,Berlin,Prefer not to say,Tablet,Returning,45
CUST02228,US,Mexico City,Female,Tablet,New,27
CUST02229,CA,Paris,Prefer not to say,Tablet,Inactive,25
CUST02230,CA,Toronto,Female,Tablet,New,64
CUST02231,CA,Toronto,Female,Tablet,At-Risk,45
CUST02232,CA,LA,Non-binary,Mobile,New,45
CUST02233,US,Chicago,Prefer not to say,Tablet,Returning,35
CUST02234,CA,Berlin,Male,Mobile,Returning,55
CUST02235,UK,Berlin,Male,Tablet,Returning,79
CUST02236,MX,Berlin,Prefer not to say,Tablet,Returning,55
CUST02237,US,LA,Male,Mobile,Returning,25
CUST02238,UK,Mexico City,Non-binary,Tablet,New,25
CUST02239,US,London,Male,Desktop,New,35
CUST02240,CA,Toronto,Female,Desktop,New,41
CUST02241,UK,Mexico City,Male,Mobile,At-Risk,69
CUST02242,CA,London,Female,Tablet,New,18
CUST02243,CA,Berlin,Female,Desktop,New,18
CUST02244,US,Sydney,Male,Tablet,Returning,80
CUST02245,US,Toronto,Non-binary,Desktop,returning,35
CUST02246,UK,Berlin,Prefer not to say,Desktop,Returning,45
CUST02247,CA,Berlin,Non-binary,Tablet,New,25
CUST02248,UK,Paris,Non-binary,Desktop,Returning,65
CUST02249,CA,London,Male,Mobile,Returning,34
CUST02250,CA,New York,Male,Mobile,New,18
CUST02251,FR,Toronto,Male,Mobile,Returning,25
CUST02252,CA,New York,Non-binary,Desktop,New,43
CUST02253,US,Mexico City,Female,Tablet,Returning,65
CUST02254,CA,Paris,Prefer not to say,Tablet,Returning,57
CUST02255,US,Toronto,Prefer not to say,Desktop,Inactive,45
CUST02256,AU,Chicago,Male,Mobile,Returning,39
CUST02257,US,LA,Female,Mobile,New,36
CUST02258,AU,LA,Female,Mobile,New,25
CUST02259,US,LA,Male,Desktop,Returning,74
CUST02260,UK,Sydney,Female,Mobile,Returning,25
CUST02261,CA,Sydney,Prefer not to say,Tablet,Returning,18
CUST02262,UK,Berlin,Prefer not to say,Desktop,At-Risk,31
CUST02263,UK,Chicago,Prefer not to say,Mobile,New,73
CUST02264,CA,Mexico City,Prefer not to say,Desktop,Returning,25
CUST02265,US,New York,Female,Tablet,New,65
CUST02266,UK,Toronto,Female,Desktop,returning,25
CUST02267,DE,Chicago,Male,Desktop,Returning,65
CUST02268,DE,Toronto,Prefer not to say,Mobile,Inactive,57
CUST02269,CA,LA,Non-binary,Mobile,At-Risk,65
CUST02270,US,Berlin,Female,Tablet,Returning,34
CUST02271,CA,London,Prefer not to say,Mobile,Inactive,55
CUST02272,UK,Sydney,Female,Mobile,VIP,65
CUST02273,US,London,Prefer not to say,Tablet,Returning,61
CUST02274,US,Sydney,Male,Mobile,Returning,48
CUST02275,US,Toronto,Prefer not to say,Tablet,New,32
CUST02276,US,Berlin,Female,Tablet,VIP,45
CUST02277,US,LA,Female,Desktop,New,25
CUST02278,UK,New York,Non-binary,Tablet,New,28
CUST02279,UK,Sydney,Non-binary,Tablet,Returning,57
CUST02280,CA,Chicago,Female,Tablet,Returning,65
CUST02281,US,London,Female,Desktop,New,25
CUST02282,DE,LA,Non-binary,Mobile,New,35
CUST02283,US,Chicago,Non-binary,Tablet,At-Risk,20
CUST02284,US,Mexico City,Female,Mobile,New,50
CUST02285,DE,LA,Female,Tablet,Inactive,53
CUST02286,DE,New York,Female,Tablet,New,18
CUST02287,US,Sydney,Prefer not to say,Desktop,At-Risk,21
CUST02288,US,LA,Male,Mobile,Returning,22
CUST02289,US,New York,Prefer not to say,Mobile,New,25
CUST02290,AU,Toronto,Female,Tablet,At-Risk,56
CUST02291,US,Paris,Prefer not to say,Desktop,Returning,39
CUST02292,FR,London,Male,Mobile,Returning,29
CUST02293,US,Mexico City,Prefer not to say,Tablet,New,23
CUST02294,US,Chicago,Female,Tablet,VIP,62
CUST02295,US,Berlin,Non-binary,Tablet,New,56
CUST02296,,Berlin,Female,Tablet,VIP,25
CUST02297,US,LA,Female,Desktop,Inactive,30
CUST02298,UK,Paris,Non-binary,Mobile,Returning,44
CUST02299,US,New York,Female,Desktop,At-Risk,67
CUST02300,US,Sydney,Female,Tablet,Returning,35
CUST02301,US,Sydney,Male,Desktop,Returning,60
CUST02302,MX,London,Male,Desktop,New,25
CUST02303,FR,Toronto,Non-binary,Mobile,Returning,71
CUST02304,US,Paris,Prefer not to say,Tablet,Returning,55
CUST02305,CA,London,Male,Desktop,At-Risk,50
CUST02306,CA,Chicago,Female,Desktop,New,35
CUST02307,CA,LA,Male,Tablet,Returning,45
CUST02308,US,Paris,Female,Mobile,New,18
CUST02309,US,Mexico City,Male,Tablet,New,45
CUST02310,AU,LA,Female,Tablet,Returning,78
CUST02311,CA,LA,Female,Tablet,New,65
CUST02312,US,Toronto,Non-binary,Mobile,New,25
CUST02313,CA,Sydney,Non-binary,Mobile,Inactive,60
CUST02314,US,New York,Prefer not to say,Mobile,New,65
CUST02315,FR,Paris,Non-binary,Desktop,Returning,44
CUST02316,UK,Toronto,Prefer not to say,Mobile,Returning,18
CUST02317,MX,Chicago,Male,Desktop,Returning,45
CUST02318,US,Sydney,Male,Mobile,VIP,25
CUST02319,MX,Berlin,Male,Mobile,New,51
CUST02320,UK,Sydney,Male,Desktop,Returning,64
CUST02321,CA,Mexico City,Male,Tablet,New,55
CUST02322,FR,New York,Non-binary,Mobile,New,65
CUST02323,CA,Mexico City,Male,Tablet,New,25
CUST02324,UK,Mexico City,Prefer not to say,Tablet,At-Risk,52
CUST02325,US,LA,Prefer not to say,Desktop,Returning,45
CUST02326,US,LA,Female,Mobile,Inactive,45
CUST02327,UK,Toronto,Female,Mobile,Returning,51
CUST02328,US,Mexico City,Non-binary,Tablet,VIP,25
CUST02329,UK,London,Female,Desktop,New,23
CUST02330,US,Mexico City,Prefer not to say,Tablet,Returning,29
CUST02331,US,Chicago,Male,Tablet,New,48
CUST02332,CA,Mexico City,Male,Mobile,At-Risk,21
CUST02333,DE,Mexico City,Prefer not to say,Mobile,Returning,55
CUST02334,UK,Mexico City,Non-binary,Tablet,VIP,18
CUST02335,UK,London,Female,Mobile,At-Risk,49
CUST02336,CA,Toronto,Prefer not to say,Tablet,Returning,55
CUST02337,UK,New York,Non-binary,Tablet,New,30
CUST02338,CA,Chicago,Female,Desktop,VIP,50
CUST02339,DE,LA,Female,Tablet,New,46
CUST02340,,Paris,Female,Desktop,At-Risk,42
CUST02341,FR,New York,Non-binary,Mobile,VIP,51
CUST02342,AU,LA,Prefer not to say,Mobile,New,18
CUST02343,UK,Chicago,Prefer not to say,Desktop,Returning,55
CUST02344,UK,Paris,Non-binary,Mobile,Returning,30
CUST02345,FR,Chicago,Non-binary,Tablet,Returning,65
CUST02346,AU,Paris,Prefer not to say,Tablet,New,66
CUST02347,DE,Sydney,Non-binary,Mobile,New,48
CUST02348,US,Paris,Female,Mobile,Returning,55
CUST02349,US,Mexico City,Female,Mobile,Returning,71
CUST02350,CA,Mexico City,Female,Tablet,Returning,56
CUST02351,CA,Mexico City,Prefer not to say,Tablet,Returning,45
CUST02352,US,LA,Non-binary,Mobile,At-Risk,55
CUST02353,AU,Chicago,Female,Tablet,Returning,25
CUST02354,US,New York,Non-binary,Mobile,VIP,45
CUST02355,,Paris,Non-binary,Tablet,Returning,55
CUST02356,CA,London,Male,Tablet,Returning,43
CUST02357,FR,London,Non-binary,Mobile,At-Risk,18
CUST02358,MX,Sydney,Male,Tablet,Returning,18
CUST02359,DE,Mexico City,Male,Tablet,Returning,57
CUST02360,MX,Chicago,Male,Desktop,At-Risk,45
CUST02361,MX,LA,Female,Desktop,At-Risk,55
CUST02362,FR,Mexico City,Prefer not to say,Tablet,Inactive,54
CUST02363,US,Paris,Prefer not to say,Desktop,Inactive,65
CUST02364,DE,LA,Non-binary,Desktop,VIP,35
CUST02365,FR,Chicago,Female,Mobile,New,24
CUST02366,CA,Paris,Male,Desktop,VIP,25
CUST02367,US,New York,Female,Tablet,VIP,47
CUST02368,US,Paris,Female,Mobile,Returning,45
CUST02369,CA,Paris,Prefer not to say,Mobile,Returning,35
CUST02370,FR,Chicago,Non-binary,Tablet,Returning,65
CUST02371,US,Paris,Prefer not to say,Tablet,New,18
CUST02372,DE,Paris,Male,Desktop,Returning,45
CUST02373,US,London,Non-binary,Desktop,At-Risk,19
CUST02374,UK,New York,Prefer not to say,Desktop,Returning,35
CUST02375,US,New York,Prefer not to say,Mobile,At-Risk,64
CUST02376,MX,Chicago,Prefer not to say,Desktop,At-Risk,50
CUST02377,US,Berlin,Female,Mobile,Returning,46
CUST02378,MX,LA,Female,Mobile,At-Risk,27
CUST02379,MX,Sydney,Non-binary,Desktop,VIP,52
CUST02380,US,LA,Female,Desktop,New,54
CUST02381,CA,London,Prefer not to say,Mobile,At-Risk,55
CUST02382,US,Paris,Prefer not to say,Tablet,Returning,47
CUST02383,US,Berlin,Prefer not to say,Mobile,New,24
CUST02384,US,London,Female,Tablet,Returning,68
CUST02385,US,Chicago,Male,Mobile,New,65
CUST02386,AU,Paris,Non-binary,Tablet,Returning,45
CUST02387,UK,Berlin,Female,Desktop,Returning,18
CUST02388,CA,Mexico City,Female,Tablet,New,29
CUST02389,CA,Paris,Non-binary,Desktop,New,20
CUST02390,FR,Chicago,Female,Mobile,Returning,45
CUST02391,US,London,Prefer not to say,Tablet,Inactive,65
CUST02392,UK,Paris,Female,Mobile,Inactive,45
CUST02393,FR,Sydney,Female,Mobile,VIP,65
CUST02394,MX,LA,Prefer not to say,Desktop,New,66
CUST02395,UK,LA,Prefer not to say,Mobile,At-Risk,23
CUST02396,CA,New York,Prefer not to say,Tablet,Returning,65
CUST02397,AU,Chicago,Non-binary,Tablet,Returning,55
CUST02398,US,LA,Male,Tablet,New,44
CUST02399,UK,LA,Prefer not to say,Desktop,New,63
CUST02400,CA,London,Non-binary,Desktop,Inactive,66
CUST02401,UK,Sydney,Female,Desktop,VIP,43
CUST02402,,Berlin,Female,Tablet,VIP,77
CUST02403,UK,Mexico City,Non-binary,Tablet,Inactive,50
CUST02404,DE,Mexico City,Female,Tablet,Returning,55
CUST02405,CA,Chicago,Prefer not to say,Mobile,Returning,45
CUST02406,US,New York,Male,Tablet,Returning,35
CUST02407,AU,Chicago,Female,Tablet,New,35
CUST02408,UK,Toronto,Male,Mobile,Returning,28
CUST02409,FR,Paris,Female,Tablet,Returning,55
CUST02410,UK,Mexico City,Female,Mobile,VIP,20
CUST02411,US,Chicago,Male,Mobile,New,18
CUST02412,MX,LA,Male,Mobile,Returning,45
CUST02413,FR,Sydney,Prefer not to say,Mobile,Inactive,55
CUST02414,CA,LA,Non-binary,Mobile,Returning,29
CUST02415,UK,Toronto,Male,Tablet,Inactive,35
CUST02416,CA,Mexico City,Female,Mobile,At-Risk,45
CUST02417,DE,LA,Male,Mobile,At-Risk,39
CUST02418,UK,New York,Non-binary,Desktop,Inactive,45
CUST02419,MX,Berlin,Male,Tablet,At-Risk,45
CUST02420,FR,LA,Male,Mobile,Returning,53
CUST02421,CA,LA,Female,Desktop,At-Risk,35
CUST02422,CA,London,Prefer not to say,Mobile,Returning,18
CUST02423,CA,Paris,Prefer not to say,Tablet,At-Risk,55
CUST02424,US,Paris,Female,Desktop,Returning,45
CUST02425,UK,Mexico City,Male,Desktop,Returning,30
CUST02426,FR,LA,Non-binary,Mobile,At-Risk,45
CUST02427,US,LA,Prefer not to say,Desktop,Returning,41
CUST02428,US,LA,Female,Desktop,New,25
CUST02429,UK,Mexico City,Female,Desktop,Returning,65
CUST02430,UK,Berlin,Female,Mobile,At-Risk,20
CUST02431,CA,LA,Prefer not to say,Desktop,Returning,55
CUST02432,,Sydney,Non-binary,Desktop,VIP,65
CUST02433,US,Mexico City,Female,Desktop,VIP,56
CUST02434,DE,Paris,Non-binary,Mobile,Inactive,45
CUST02435,UK,LA,Prefer not to say,Mobile,Returning,43
CUST02436,AU,Chicago,Male,Tablet,Returning,65
CUST02437,CA,New York,Non-binary,Desktop,At-Risk,46
CUST02438,US,Berlin,Prefer not to say,Mobile,New,55
CUST02439,AU,Paris,Female,Tablet,New,18
CUST02440,CA,Toronto,Female,Desktop,Returning,18
CUST02441,UK,Berlin,Non-binary,Mobile,Inactive,31
CUST02442,UK,Mexico City,Female,Mobile,Inactive,65
CUST02443,US,Paris,Male,Desktop,New,18
CUST02444,US,Berlin,Male,Mobile,New,45
CUST02445,US,Sydney,Male,Tablet,New,55
CUST02446,MX,New York,Non-binary,Mobile,VIP,18
CUST02447,US,Sydney,Male,Desktop,New,25
CUST02448,US,London,Male,Tablet,Inactive,24
CUST02449,AU,Toronto,Female,Tablet,VIP,35
CUST02450,DE,Paris,Non-binary,Mobile,Returning,58
CUST02451,UK,LA,Female,Desktop,Returning,18
CUST02452,US,LA,Male,Desktop,Inactive,25
CUST02453,CA,Paris,Female,Tablet,VIP,62
CUST02454,CA,Berlin,Prefer not to say,Desktop,Inactive,25
CUST02455,US,Paris,Non-binary,Tablet,Returning,45
CUST02456,UK,Toronto,Non-binary,Desktop,Returning,25
CUST02457,US,Chicago,Non-binary,Mobile,Returning,58
CUST02458,MX,Berlin,Non-binary,Mobile,Returning,25
CUST02459,AU,Sydney,Non-binary,Desktop,Returning,18
CUST02460,US,New York,Male,Tablet,Returning,30
CUST02461,US,London,Male,Tablet,Returning,18
CUST02462,US,Sydney,Prefer not to say,Mobile,Inactive,18
CUST02463,US,Sydney,Prefer not to say,Mobile,At-Risk,39
CUST02464,US,Berlin,Female,Desktop,New,68
CUST02465,US,New York,Male,Tablet,New,79
CUST02466,CA,New York,Male,Mobile,Returning,57
CUST02467,US,Berlin,Female,Tablet,Returning,18
CUST02468,FR,London,Prefer not to say,Tablet,VIP,65
CUST02469,CA,Sydney,Male,Desktop,Inactive,18
CUST02470,UK,Berlin,Non-binary,Tablet,Returning,60
CUST02471,US,Paris,Non-binary,Tablet,New,23
CUST02472,AU,LA,Male,Desktop,New,24
CUST02473,US,London,Male,Mobile,New,49
CUST02474,DE,Berlin,Female,Tablet,Inactive,18
CUST02475,CA,Chicago,Male,Desktop,Returning,70
CUST02476,US,New York,Male,Desktop,Inactive,45
CUST02477,US,Sydney,Prefer not to say,Desktop,Returning,18
CUST02478,,Chicago,Female,Tablet,New,55
CUST02479,CA,Berlin,Female,Mobile,VIP,56
CUST02480,UK,Chicago,Non-binary,Desktop,At-Risk,45
CUST02481,FR,LA,Prefer not to say,Mobile,At-Risk,35
CUST02482,US,LA,Prefer not to say,Tablet,New,50
CUST02483,US,Chicago,Female,Mobile,New,79
CUST02484,US,New York,Male,Tablet,VIP,18
CUST02485,CA,Mexico City,Prefer not to say,Tablet,New,34
CUST02486,US,Paris,Prefer not to say,Mobile,New,24
CUST02487,US,Berlin,Prefer not to say,Desktop,At-Risk,35
CUST02488,UK,Chicago,Male,Mobile,Returning,45
CUST02489,MX,New York,Female,Mobile,New,35
CUST02490,US,Berlin,Non-binary,Tablet,New,69
CUST02491,UK,Chicago,Male,Desktop,At-Risk,45
CUST02492,US,Mexico City,Male,Mobile,VIP,25
CUST02493,US,Chicago,Male,Desktop,Returning,19
CUST02494,UK,New York,Non-binary,Tablet,Inactive,55
CUST02495,US,Mexico City,Non-binary,Desktop,Returning,59
CUST02496,AU,Sydney,Prefer not to say,Mobile,At-Risk,59
CUST02497,MX,New York,Non-binary,Mobile,Returning,56
CUST02498,DE,Paris,Female,Tablet,New,25
CUST02499,US,London,Male,Tablet,New,58
CUST02500,US,Chicago,Male,Mobile,At-Risk,65
CUST02501,DE,Toronto,Female,Tablet,Returning,37
CUST02502,CA,Sydney,Non-binary,Tablet,New,18
CUST02503,AU,LA,Prefer not to say,Desktop,VIP,55
CUST02504,,Chicago,Male,Mobile,New,68
CUST02505,US,Chicago,Female,Mobile,Inactive,35
CUST02506,,Chicago,Male,Mobile,At-Risk,35
CUST02507,US,Paris,Non-binary,Mobile,Returning,34
CUST02508,US,New York,Non-binary,Tablet,VIP,18
CUST02509,UK,LA,Female,Mobile,Returning,48
CUST02510,US,LA,Prefer not to say,Tablet,New,65
CUST02511,UK,New York,Female,Tablet,Returning,35
CUST02512,US,Mexico City,Non-binary,Mobile,New,18
CUST02513,US,Toronto,Male,Desktop,Returning,26
CUST02514,US,Berlin,Prefer not to say,Desktop,Returning,42
CUST02515,US,Chicago,Male,Tablet,Returning,67
CUST02516,CA,London,Non-binary,Desktop,Returning,18
CUST02517,MX,London,Female,Tablet,Inactive,45
CUST02518,CA,Paris,Female,Desktop,Returning,22
CUST02519,MX,LA,Male,Desktop,Returning,30
CUST02520,US,Berlin,Non-binary,Desktop,VIP,45
CUST02521,UK,New York,Prefer not to say,Tablet,Returning,55
CUST02522,US,Paris,Female,Tablet,Returning,65
CUST02523,AU,Paris,Non-binary,Mobile,VIP,22
CUST02524,US,London,Prefer not to say,Mobile,VIP,25
CUST02525,CA,Toronto,Non-binary,Mobile,New,55
CUST02526,,Berlin,Prefer not to say,Desktop,New,18
CUST02527,CA,Paris,Non-binary,Desktop,At-Risk,52
CUST02528,DE,London,Non-binary,Mobile,At-Risk,73
CUST02529,CA,London,Prefer not to say,Desktop,Returning,63
CUST02530,UK,LA,Prefer not to say,Mobile,Inactive,45
CUST02531,US,Berlin,Male,Tablet,Returning,25
CUST02532,CA,London,Male,Desktop,Inactive,55
CUST02533,US,Berlin,Prefer not to say,Desktop,At-Risk,44
CUST02534,US,London,Female,Mobile,New,26
CUST02535,US,LA,Non-binary,Mobile,New,44
CUST02536,UK,Chicago,Prefer not to say,Mobile,New,62
CUST02537,US,Sydney,Prefer not to say,Mobile,returning,65
CUST02538,US,New York,Male,Desktop,Inactive,65
CUST02539,US,LA,Non-binary,Tablet,Inactive,25
CUST02540,UK,Toronto,Non-binary,Tablet,Returning,36
CUST02541,MX,London,Non-binary,Tablet,At-Risk,62
CUST02542,US,Chicago,Male,Tablet,Returning,18
CUST02543,AU,Sydney,Prefer not to say,Desktop,New,25
CUST02544,MX,Toronto,Female,Desktop,Returning,65
CUST02545,US,Berlin,Female,Desktop,At-Risk,65
CUST02546,US,Mexico City,Male,Mobile,Returning,35
CUST02547,FR,LA,Non-binary,Mobile,VIP,31
CUST02548,US,London,Female,Tablet,Returning,22
CUST02549,MX,LA,Prefer not to say,Mobile,At-Risk,57
CUST02550,US,Berlin,Non-binary,Tablet,Returning,29
CUST02551,US,Chicago,Prefer not to say,Mobile,New,80
CUST02552,DE,Toronto,Female,Mobile,At-Risk,35
CUST02553,AU,Toronto,Female,Mobile,New,51
CUST02554,AU,Toronto,Non-binary,Mobile,At-Risk,65
CUST02555,MX,New York,Prefer not to say,Desktop,Returning,22
CUST02556,UK,Paris,Prefer not to say,Mobile,Returning,18
CUST02557,US,New York,Prefer not to say,Mobile,VIP,45
CUST02558,CA,Mexico City,Female,Tablet,At-Risk,75
CUST02559,US,Sydney,Prefer not to say,Tablet,New,65
CUST02560,CA,Berlin,Prefer not to say,Desktop,Returning,47
CUST02561,US,Chicago,Female,Tablet,Inactive,65
CUST02562,US,Chicago,Non-binary,Tablet,New,57
CUST02563,US,Chicago,Female,Tablet,At-Risk,65
CUST02564,US,Berlin,Female,Desktop,New,45
CUST02565,,Sydney,Female,Mobile,At-Risk,65
CUST02566,UK,Sydney,Non-binary,Mobile,New,21
CUST02567,UK,Mexico City,Non-binary,Mobile,Returning,69
CUST02568,US,LA,Female,Desktop,At-Risk,19
CUST02569,US,Paris,Female,Tablet,At-Risk,55
CUST02570,FR,Berlin,Non-binary,Desktop,Returning,38
CUST02571,CA,Chicago,Male,Desktop,New,57
CUST02572,US,Berlin,Non-binary,Desktop,Returning,18
CUST02573,FR,Paris,Female,Tablet,Returning,20
CUST02574,UK,New York,Prefer not to say,Mobile,At-Risk,37
CUST02575,CA,Chicago,Male,Mobile,Returning,34
CUST02576,US,LA,Female,Desktop,VIP,25
CUST02577,US,Paris,Prefer not to say,Tablet,Returning,69
CUST02578,MX,Mexico City,Prefer not to say,Mobile,Returning,18
CUST02579,UK,Chicago,Female,Desktop,New,50
CUST02580,US,Mexico City,Prefer not to say,Tablet,Inactive,52
CUST02581,US,London,Female,Mobile,Inactive,65
CUST02582,MX,New York,Non-binary,Mobile,Returning,35
CUST02583,US,LA,Non-binary,Mobile,New,25
CUST02584,MX,Sydney,Non-binary,Desktop,Inactive,35
CUST02585,US,Mexico City,Prefer not to say,Desktop,Returning,32
CUST02586,FR,London,Prefer not to say,Tablet,Returning,45
CUST02587,MX,Berlin,Prefer not to say,Tablet,Returning,25
CUST02588,US,Berlin,Non-binary,Tablet,Returning,18
CUST02589,US,London,Prefer not to say,Tablet,VIP,55
CUST02590,US,Berlin,Female,Tablet,At-Risk,24
CUST02591,CA,Berlin,Prefer not to say,Tablet,New,26
CUST02592,CA,Chicago,Prefer not to say,Desktop,New,18
CUST02593,CA,Berlin,Non-binary,Tablet,Inactive,25
CUST02594,CA,London,Prefer not to say,Tablet,Returning,58
CUST02595,CA,London,Female,Desktop,At-Risk,38
CUST02596,CA,Toronto,Female,Tablet,New,55
CUST02597,DE,London,Prefer not to say,Desktop,New,53
CUST02598,FR,Chicago,Female,Mobile,Returning,65
CUST02599,MX,Sydney,Female,Tablet,Returning,34
CUST02600,UK,London,Male,Mobile,At-Risk,61
CUST02601,DE,Chicago,Male,Desktop,New,46
CUST02602,CA,Mexico City,Non-binary,Mobile,At-Risk,35
CUST02603,MX,Chicago,Female,Mobile,Returning,39
CUST02604,CA,London,Prefer not to say,Mobile,Returning,38
CUST02605,US,New York,Female,Tablet,New,62
CUST02606,US,Sydney,Non-binary,Desktop,New,18
CUST02607,AU,Berlin,Non-binary,Tablet,Returning,55
CUST02608,UK,LA,Female,Mobile,Inactive,49
CUST02609,UK,Berlin,Prefer not to say,Desktop,New,36
CUST02610,US,New York,Female,Desktop,Returning,64
CUST02611,MX,Chicago,Male,Mobile,Inactive,25
CUST02612,CA,Toronto,Male,Mobile,New,32
CUST02613,UK,Mexico City,Prefer not to say,Tablet,Returning,65
CUST02614,UK,Chicago,Non-binary,Desktop,Returning,71
CUST02615,US,Sydney,Prefer not to say,Desktop,New,65
CUST02616,US,Berlin,Male,Mobile,Returning,18
CUST02617,US,Mexico City,Non-binary,Desktop,New,32
CUST02618,UK,Chicago,Female,Mobile,VIP,35
CUST02619,DE,New York,Female,Desktop,New,25
CUST02620,US,Toronto,Male,Mobile,At-Risk,25
CUST02621,UK,LA,Prefer not to say,Desktop,New,50
CUST02622,MX,Berlin,Non-binary,Mobile,At-Risk,25
CUST02623,US,Toronto,Male,Mobile,Returning,38
CUST02624,AU,London,Prefer not to say,Mobile,Returning,55
CUST02625,CA,Chicago,Male,Mobile,Inactive,76
CUST02626,US,New York,Male,Desktop,At-Risk,57
CUST02627,FR,Berlin,Male,Desktop,New,25
CUST02628,CA,Sydney,Male,Desktop,At-Risk,65
CUST02629,UK,Paris,Male,Tablet,At-Risk,39
CUST02630,CA,Mexico City,Female,Tablet,Returning,18
CUST02631,FR,Berlin,Male,Mobile,Returning,54
CUST02632,US,Berlin,Prefer not to say,Desktop,At-Risk,55
CUST02633,AU,Chicago,Female,Desktop,Inactive,41
CUST02634,UK,LA,Female,Mobile,At-Risk,55
CUST02635,US,Mexico City,Male,Mobile,Returning,21
CUST02636,UK,New York,Male,Desktop,At-Risk,45
CUST02637,CA,Toronto,Female,Desktop,New,65
CUST02638,DE,Chicago,Non-binary,Tablet,VIP,35
CUST02639,,Sydney,Prefer not to say,Tablet,New,25
CUST02640,UK,New York,Non-binary,Desktop,New,45
CUST02641,MX,Berlin,Non-binary,Tablet,Returning,32
CUST02642,US,New York,Female,Mobile,VIP,32
CUST02643,UK,Mexico City,Prefer not to say,Tablet,Returning,23
CUST02644,US,Chicago,Male,Desktop,Returning,35
CUST02645,UK,Berlin,Female,Tablet,Returning,71
CUST02646,DE,Paris,Prefer not to say,Tablet,Inactive,65
CUST02647,DE,Toronto,Non-binary,Mobile,Returning,80
CUST02648,CA,Berlin,Female,Mobile,New,30
CUST02649,CA,Chicago,Male,Tablet,New,55
CUST02650,US,LA,Non-binary,Desktop,New,55
CUST02651,DE,Paris,Female,Desktop,Returning,35
CUST02652,AU,Chicago,Non-binary,Tablet,Returning,25
CUST02653,MX,London,Male,Tablet,New,46
CUST02654,US,LA,Female,Tablet,New,25
CUST02655,CA,Toronto,Female,Mobile,Returning,55
CUST02656,US,Chicago,Male,Desktop,New,25
CUST02657,FR,Mexico City,Female,Desktop,VIP,18
CUST02658,UK,New York,Male,Tablet,New,45
CUST02659,CA,Paris,Non-binary,Desktop,Returning,55
CUST02660,US,Chicago,Prefer not to say,Desktop,At-Risk,18
CUST02661,US,Paris,Prefer not to say,Desktop,Returning,40
CUST02662,AU,Chicago,Female,Desktop,Returning,20
CUST02663,DE,Paris,Female,Mobile,returning,25
CUST02664,US,New York,Non-binary,Mobile,VIP,35
CUST02665,US,Mexico City,Male,Mobile,VIP,42
CUST02666,US,London,Male,Tablet,Returning,47
CUST02667,US,New York,Male,Mobile,VIP,24
CUST02668,US,Chicago,Male,Mobile,VIP,70
CUST02669,AU,Toronto,Prefer not to say,Mobile,Returning,27
CUST02670,CA,Chicago,Non-binary,Mobile,New,65
CUST02671,UK,Berlin,Female,Desktop,New,65
CUST02672,FR,New York,Male,Desktop,At-Risk,55
CUST02673,MX,Paris,Female,Mobile,At-Risk,33
CUST02674,UK,Toronto,Female,Desktop,At-Risk,55
CUST02675,UK,Mexico City,Prefer not to say,Mobile,Returning,35
CUST02676,US,LA,Male,Mobile,Returning,54
CUST02677,UK,Toronto,Female,Mobile,New,34
CUST02678,AU,Chicago,Prefer not to say,Tablet,Returning,32
CUST02679,UK,New York,Prefer not to say,Desktop,Returning,45
CUST02680,FR,Berlin,Female,Mobile,Returning,21
CUST02681,US,Toronto,Male,Tablet,At-Risk,65
CUST02682,UK,Mexico City,Male,Desktop,New,45
CUST02683,DE,Mexico City,Non-binary,Desktop,Returning,55
CUST02684,AU,Chicago,Prefer not to say,Desktop,New,68
CUST02685,UK,Berlin,Male,Mobile,At-Risk,45
CUST02686,CA,Chicago,Non-binary,Desktop,Returning,57
CUST02687,FR,New York,Prefer not to say,Tablet,Returning,45
CUST02688,DE,Sydney,Female,Tablet,Returning,19
CUST02689,CA,Paris,Prefer not to say,Mobile,At-Risk,20
CUST02690,DE,Sydney,Non-binary,Tablet,Returning,45
CUST02691,DE,LA,Female,Tablet,Returning,44
CUST02692,US,London,Prefer not to say,Tablet,Returning,45
CUST02693,US,Mexico City,Male,Desktop,VIP,45
CUST02694,US,New York,Female,Tablet,VIP,36
CUST02695,US,LA,Male,Mobile,Inactive,35
CUST02696,US,Mexico City,Male,Mobile,Returning,45
CUST02697,CA,Berlin,Male,Mobile,At-Risk,58
CUST02698,DE,New York,Non-binary,Desktop,New,55
CUST02699,UK,Sydney,Non-binary,Tablet,Returning,25
CUST02700,MX,Sydney,Non-binary,Mobile,New,25
CUST02701,US,Paris,Prefer not to say,Mobile,Returning,65
CUST02702,FR,Berlin,Prefer not to say,Desktop,New,25
CUST02703,DE,Mexico City,Non-binary,Desktop,At-Risk,25
CUST02704,UK,New York,Male,Tablet,Inactive,45
CUST02705,,Toronto,Prefer not to say,Desktop,New,23
CUST02706,US,London,Non-binary,Desktop,New,25
CUST02707,US,Berlin,Prefer not to say,Tablet,Returning,45
CUST02708,US,Paris,Female,Mobile,Inactive,35
CUST02709,DE,Sydney,Female,Desktop,Returning,55
CUST02710,US,New York,Non-binary,Mobile,New,25
CUST02711,FR,New York,Non-binary,Desktop,Returning,35
CUST02712,CA,Berlin,Non-binary,Tablet,New,61
CUST02713,CA,Toronto,Female,Desktop,New,30
CUST02714,,Berlin,Female,Mobile,Returning,42
CUST02715,US,Paris,Female,Tablet,VIP,20
CUST02716,AU,Chicago,Prefer not to say,Desktop,New,49
CUST02717,UK,Toronto,Non-binary,Tablet,Returning,65
CUST02718,CA,Chicago,Non-binary,Mobile,Returning,55
CUST02719,AU,LA,Non-binary,Desktop,New,35
CUST02720,UK,New York,Male,Desktop,New,18
CUST02721,CA,London,Prefer not to say,Mobile,Returning,54
CUST02722,US,London,Prefer not to say,Tablet,At-Risk,42
CUST02723,US,London,Prefer not to say,Mobile,New,50
CUST02724,US,Sydney,Male,Mobile,Returning,18
CUST02725,US,LA,Female,Mobile,New,54
CUST02726,DE,New York,Prefer not to say,Tablet,Returning,25
CUST02727,US,Sydney,Prefer not to say,Mobile,At-Risk,35
CUST02728,MX,LA,Non-binary,Mobile,Returning,29
CUST02729,CA,Toronto,Non-binary,Tablet,Returning,50
CUST02730,US,LA,Non-binary,Desktop,Returning,24
CUST02731,CA,Sydney,Male,Tablet,At-Risk,39
CUST02732,US,LA,Non-binary,Mobile,At-Risk,64
CUST02733,DE,Paris,Prefer not to say,Desktop,Returning,55
CUST02734,DE,New York,Male,Mobile,Returning,58
CUST02735,UK,New York,Female,Tablet,Returning,43
CUST02736,US,Paris,Non-binary,Desktop,New,77
CUST02737,MX,Mexico City,Non-binary,Tablet,VIP,35
CUST02738,UK,Berlin,Prefer not to say,Desktop,Returning,25
CUST02739,CA,Mexico City,Male,Tablet,New,61
CUST02740,US,Sydney,Male,Mobile,VIP,51
CUST02741,US,Sydney,Male,Desktop,Returning,68
CUST02742,UK,London,Non-binary,Mobile,Inactive,37
CUST02743,MX,Chicago,Prefer not to say,Tablet,At-Risk,45
CUST02744,AU,Toronto,Non-binary,Desktop,Returning,29
CUST02745,US,Sydney,Male,Desktop,New,64
CUST02746,US,Chicago,Male,Desktop,VIP,18
CUST02747,CA,Paris,Prefer not to say,Tablet,New,35
CUST02748,US,Berlin,Male,Tablet,At-Risk,68
CUST02749,FR,Paris,Male,Tablet,New,35
CUST02750,DE,LA,Male,Mobile,At-Risk,25
CUST02751,DE,Berlin,Non-binary,Mobile,Returning,45
CUST02752,US,Mexico City,Non-binary,Tablet,New,55
CUST02753,AU,Berlin,Male,Mobile,New,20
CUST02754,,Berlin,Prefer not to say,Mobile,New,45
CUST02755,UK,Berlin,Prefer not to say,Tablet,New,18
CUST02756,US,New York,Non-binary,Tablet,New,57
CUST02757,CA,Sydney,Female,Mobile,Inactive,65
CUST02758,MX,Chicago,Non-binary,Desktop,Returning,25
CUST02759,MX,New York,Female,Tablet,New,44
CUST02760,UK,Chicago,Prefer not to say,Tablet,Returning,25
CUST02761,CA,Mexico City,Male,Desktop,New,29
CUST02762,US,LA,Male,Mobile,VIP,65
CUST02763,US,London,Prefer not to say,Desktop,Returning,38
CUST02764,US,Mexico City,Male,Mobile,VIP,27
CUST02765,CA,Toronto,Prefer not to say,Mobile,Returning,28
CUST02766,CA,London,Prefer not to say,Mobile,New,65
CUST02767,DE,New York,Prefer not to say,Tablet,At-Risk,35
CUST02768,UK,New York,Female,Mobile,New,45
CUST02769,DE,London,Non-binary,Desktop,Returning,55
CUST02770,CA,Sydney,Female,Desktop,VIP,55
CUST02771,US,Paris,Male,Mobile,Returning,18
CUST02772,AU,Toronto,Male,Tablet,New,18
CUST02773,UK,Berlin,Female,Tablet,VIP,48
CUST02774,CA,London,Male,Mobile,Returning,45
CUST02775,US,Berlin,Female,Tablet,Inactive,63
CUST02776,US,Paris,Female,Desktop,Returning,30
CUST02777,CA,Chicago,Female,Mobile,VIP,22
CUST02778,,New York,Non-binary,Desktop,Returning,45
CUST02779,AU,London,Male,Tablet,Returning,65
CUST02780,CA,LA,Male,Tablet,At-Risk,25
CUST02781,CA,Chicago,Female,Desktop,Inactive,18
CUST02782,DE,Sydney,Female,Tablet,VIP,65
CUST02783,MX,Berlin,Male,Desktop,VIP,30
CUST02784,US,Toronto,Female,Desktop,New,35
CUST02785,DE,London,Prefer not to say,Tablet,New,18
CUST02786,MX,New York,Female,Tablet,New,34
CUST02787,FR,Chicago,Male,Mobile,New,25
CUST02788,MX,LA,Non-binary,Mobile,VIP,53
CUST02789,US,Sydney,Non-binary,Mobile,Returning,18
CUST02790,US,New York,Male,Desktop,Returning,34
CUST02791,US,New York,Prefer not to say,Mobile,At-Risk,25
CUST02792,US,New York,Prefer not to say,Mobile,At-Risk,55
CUST02793,US,London,Non-binary,Tablet,New,25
CUST02794,US,Chicago,Male,Desktop,New,45
CUST02795,CA,New York,Female,Mobile,returning,40
CUST02796,US,LA,Prefer not to say,Mobile,Returning,25
CUST02797,US,LA,Female,Tablet,New,57
CUST02798,DE,Sydney,Prefer not to say,Mobile,Returning,35
CUST02799,US,Berlin,Non-binary,Mobile,New,65
CUST02800,,London,Male,Tablet,VIP,19
CUST02801,AU,Berlin,Male,Desktop,Returning,35
CUST02802,US,Berlin,Male,Mobile,VIP,55
CUST02803,AU,Mexico City,Prefer not to say,Desktop,VIP,35
CUST02804,UK,Toronto,Prefer not to say,Desktop,Returning,65
CUST02805,UK,London,Male,Tablet,Returning,39
CUST02806,FR,LA,Male,Desktop,Inactive,55
CUST02807,US,New York,Male,Desktop,Returning,18
CUST02808,US,Chicago,Female,Desktop,Returning,45
CUST02809,CA,Sydney,Male,Tablet,Returning,64
CUST02810,DE,London,Prefer not to say,Mobile,Returning,55
CUST02811,US,Toronto,Prefer not to say,Tablet,VIP,21
CUST02812,US,New York,Female,Mobile,Inactive,40
CUST02813,US,Toronto,Non-binary,Tablet,Returning,64
CUST02814,US,New York,Male,Tablet,New,58
CUST02815,US,Paris,Male,Mobile,New,18
CUST02816,DE,Toronto,Female,Tablet,Returning,65
CUST02817,AU,Sydney,Male,Desktop,VIP,61
CUST02818,CA,LA,Prefer not to say,Desktop,Inactive,56
CUST02819,US,Mexico City,Non-binary,Tablet,New,20
CUST02820,US,Toronto,Prefer not to say,Mobile,VIP,18
CUST02821,CA,Mexico City,Non-binary,Tablet,returning,18
CUST02822,US,London,Female,Mobile,Inactive,55
CUST02823,FR,Toronto,Non-binary,Mobile,New,18
CUST02824,US,London,Non-binary,Tablet,Returning,53
CUST02825,MX,New York,Male,Mobile,Returning,50
CUST02826,FR,Chicago,Male,Tablet,New,65
CUST02827,FR,London,Male,Mobile,Returning,25
CUST02828,US,LA,Prefer not to say,Desktop,Returning,55
CUST02829,UK,Berlin,Female,Desktop,At-Risk,25
CUST02830,CA,London,Male,Mobile,New,45
CUST02831,US,LA,Male,Tablet,VIP,55
CUST02832,US,Berlin,Male,Desktop,Inactive,69
CUST02833,US,Chicago,Female,Mobile,Returning,23
CUST02834,US,Mexico City,Female,Tablet,New,21
CUST02835,US,Chicago,Female,Mobile,VIP,18
CUST02836,MX,Chicago,Male,Tablet,Returning,18
CUST02837,AU,Paris,Prefer not to say,Desktop,New,35
CUST02838,CA,London,Female,Mobile,VIP,51
CUST02839,FR,New York,Male,Tablet,Returning,35
CUST02840,US,Toronto,Non-binary,Desktop,Returning,35
CUST02841,US,Paris,Male,Desktop,Returning,42
CUST02842,US,Chicago,Prefer not to say,Tablet,At-Risk,35
CUST02843,UK,Paris,Prefer not to say,Desktop,VIP,23
CUST02844,US,LA,Prefer not to say,Desktop,New,25
CUST02845,UK,London,Prefer not to say,Desktop,At-Risk,43
CUST02846,US,Toronto,Non-binary,Mobile,New,60
CUST02847,UK,Sydney,Non-binary,Mobile,Returning,43
CUST02848,CA,London,Prefer not to say,Tablet,Returning,25
CUST02849,US,Berlin,Prefer not to say,Desktop,New,20
CUST02850,US,Chicago,Male,Desktop,New,35
CUST02851,CA,LA,Male,Tablet,At-Risk,65
CUST02852,US,Mexico City,Female,Desktop,Returning,64
CUST02853,MX,Berlin,Non-binary,Tablet,Returning,25
CUST02854,AU,London,Prefer not to say,Tablet,Returning,22
CUST02855,CA,LA,Male,Mobile,Returning,18
CUST02856,CA,London,Male,Tablet,New,36
CUST02857,US,London,Prefer not to say,Mobile,Returning,65
CUST02858,US,Mexico City,Prefer not to say,Mobile,VIP,18
CUST02859,US,Sydney,Male,Mobile,New,65
CUST02860,US,Sydney,Male,Mobile,New,25
CUST02861,AU,Sydney,Prefer not to say,Mobile,Returning,24
CUST02862,FR,Chicago,Non-binary,Tablet,At-Risk,45
CUST02863,AU,London,Prefer not to say,Tablet,New,62
CUST02864,FR,Sydney,Non-binary,Mobile,New,20
CUST02865,AU,Chicago,Prefer not to say,Tablet,New,18
CUST02866,US,New York,Female,Desktop,Returning,52
CUST02867,MX,Mexico City,Male,Tablet,Returning,18
CUST02868,US,Paris,Non-binary,Desktop,Returning,80
CUST02869,US,Toronto,Male,Desktop,Returning,51
CUST02870,US,London,Male,Tablet,New,22
CUST02871,CA,Mexico City,Male,Mobile,Returning,44
CUST02872,FR,Chicago,Female,Desktop,New,44
CUST02873,US,Paris,Prefer not to say,Tablet,Returning,52
CUST02874,MX,Paris,Prefer not to say,Tablet,Returning,80
CUST02875,MX,Toronto,Non-binary,Tablet,VIP,55
CUST02876,US,Paris,Non-binary,Mobile,New,65
CUST02877,UK,Berlin,Male,Tablet,New,18
CUST02878,CA,LA,Female,Tablet,VIP,29
CUST02879,CA,New York,Male,Desktop,New,55
CUST02880,DE,Berlin,Female,Mobile,At-Risk,22
CUST02881,US,Berlin,Prefer not to say,Tablet,Returning,47
CUST02882,US,Berlin,Female,Desktop,At-Risk,65
CUST02883,US,LA,Non-binary,Desktop,New,35
CUST02884,UK,Paris,Male,Desktop,At-Risk,59
CUST02885,CA,LA,Female,Tablet,VIP,42
CUST02886,CA,Berlin,Prefer not to say,Tablet,New,18
CUST02887,CA,New York,Prefer not to say,Mobile,Returning,27
CUST02888,US,London,Prefer not to say,Tablet,New,27
CUST02889,MX,New York,Non-binary,Mobile,Returning,53
CUST02890,UK,Mexico City,Prefer not to say,Mobile,New,29
CUST02891,FR,Toronto,Prefer not to say,Tablet,Returning,45
CUST02892,US,Toronto,Male,Mobile,Returning,45
CUST02893,US,Berlin,Prefer not to say,Tablet,Returning,35
CUST02894,US,London,Prefer not to say,Tablet,New,56
CUST02895,UK,London,Male,Desktop,Returning,25
CUST02896,US,Paris,Female,Mobile,Returning,21
CUST02897,US,Mexico City,Prefer not to say,Desktop,New,35
CUST02898,CA,Mexico City,Prefer not to say,Tablet,New,55
CUST02899,US,New York,Non-binary,Tablet,At-Risk,51
CUST02900,DE,New York,Non-binary,Desktop,New,70
CUST02901,US,Mexico City,Female,Desktop,At-Risk,41
CUST02902,,Berlin,Prefer not to say,Desktop,Inactive,18
CUST02903,CA,Berlin,Prefer not to say,Desktop,VIP,25
CUST02904,UK,Sydney,Non-binary,Desktop,At-Risk,62
CUST02905,US,New York,Female,Tablet,VIP,56
CUST02906,UK,Chicago,Prefer not to say,Tablet,At-Risk,25
CUST02907,AU,Chicago,Prefer not to say,Mobile,New,25
CUST02908,CA,Paris,Male,Desktop,At-Risk,65
CUST02909,US,Mexico City,Non-binary,Mobile,New,40
CUST02910,MX,New York,Non-binary,Mobile,Returning,55
CUST02911,DE,Chicago,Female,Mobile,New,18
CUST02912,DE,London,Female,Tablet,New,55
CUST02913,US,New York,Male,Desktop,Returning,18
CUST02914,US,Sydney,Male,Desktop,Inactive,50
CUST02915,CA,Chicago,Prefer not to say,Desktop,New,55
CUST02916,MX,LA,Prefer not to say,Mobile,New,55
CUST02917,MX,New York,Female,Tablet,Inactive,34
CUST02918,CA,Berlin,Non-binary,Mobile,New,39
CUST02919,AU,Sydney,Female,Desktop,New,59
CUST02920,,Paris,Female,Desktop,New,56
CUST02921,DE,Paris,Prefer not to say,Desktop,New,45
CUST02922,US,Mexico City,Non-binary,Desktop,At-Risk,45
CUST02923,UK,Berlin,Male,Desktop,Returning,35
CUST02924,UK,New York,Prefer not to say,Tablet,Returning,45
CUST02925,US,New York,Male,Tablet,New,25
CUST02926,US,LA,Non-binary,Desktop,New,27
CUST02927,US,New York,Female,Mobile,New,41
CUST02928,US,New York,Female,Mobile,New,30
CUST02929,US,Berlin,Non-binary,Mobile,Inactive,42
CUST02930,CA,New York,Female,Desktop,Returning,42
CUST02931,UK,Toronto,Female,Mobile,VIP,40
CUST02932,US,Paris,Female,Mobile,Inactive,45
CUST02933,CA,Mexico City,Female,Mobile,VIP,55
CUST02934,,New York,Prefer not to say,Desktop,At-Risk,27
CUST02935,,Chicago,Male,Mobile,Returning,55
CUST02936,MX,Sydney,Non-binary,Tablet,New,31
CUST02937,US,London,Male,Tablet,Returning,22
CUST02938,DE,Chicago,Prefer not to say,Desktop,Returning,21
CUST02939,US,Paris,Female,Desktop,Returning,45
CUST02940,CA,Mexico City,Prefer not to say,Desktop,VIP,28
CUST02941,AU,Paris,Male,Desktop,returning,18
CUST02942,US,Mexico City,Non-binary,Desktop,Returning,55
CUST02943,US,LA,Male,Desktop,New,30
CUST02944,CA,London,Female,Tablet,Returning,18
CUST02945,DE,Toronto,Male,Tablet,New,72
CUST02946,DE,London,Prefer not to say,Tablet,Returning,52
CUST02947,AU,Chicago,Female,Mobile,New,65
CUST02948,,Berlin,Male,Tablet,Returning,35
CUST02949,CA,New York,Prefer not to say,Desktop,Returning,58
CUST02950,US,Chicago,Prefer not to say,Desktop,At-Risk,25
CUST02951,US,Mexico City,Non-binary,Desktop,Returning,25
CUST02952,CA,Berlin,Female,Tablet,Returning,74
CUST02953,AU,Sydney,Female,Desktop,VIP,54
CUST02954,CA,Chicago,Non-binary,Desktop,Returning,45
CUST02955,CA,Paris,Female,Tablet,Returning,65
CUST02956,CA,Mexico City,Female,Desktop,At-Risk,19
CUST02957,MX,London,Prefer not to say,Mobile,At-Risk,25
CUST02958,DE,New York,Male,Mobile,At-Risk,35
CUST02959,CA,Chicago,Male,Mobile,returning,18
CUST02960,MX,Sydney,Male,Mobile,New,45
CUST02961,CA,New York,Non-binary,Desktop,At-Risk,35
CUST02962,UK,New York,Female,Tablet,Returning,35
CUST02963,DE,Toronto,Female,Mobile,New,25
CUST02964,US,Toronto,Prefer not to say,Mobile,Inactive,18
CUST02965,US,Sydney,Male,Desktop,New,57
CUST02966,,New York,Prefer not to say,Desktop,VIP,65
CUST02967,US,Berlin,Male,Mobile,Returning,71
CUST02968,UK,Paris,Male,Desktop,New,25
CUST02969,US,Toronto,Female,Desktop,VIP,25
CUST02970,DE,LA,Prefer not to say,Desktop,New,35
CUST02971,MX,London,Male,Tablet,New,35
CUST02972,UK,Paris,Non-binary,Desktop,VIP,47
CUST02973,AU,London,Female,Tablet,At-Risk,25
CUST02974,MX,Berlin,Male,Tablet,Returning,18
CUST02975,US,Toronto,Female,Desktop,Returning,52
CUST02976,US,Sydney,Non-binary,Desktop,Returning,44
CUST02977,UK,Berlin,Prefer not to say,Desktop,New,25
CUST02978,MX,New York,Female,Desktop,New,62
CUST02979,CA,Chicago,Prefer not to say,Tablet,New,76
CUST02980,AU,Mexico City,Prefer not to say,Tablet,New,53
CUST02981,FR,New York,Non-binary,Mobile,Inactive,21
CUST02982,CA,London,Female,Mobile,VIP,49
CUST02983,US,New York,Male,Tablet,At-Risk,39
CUST02984,UK,Paris,Male,Desktop,New,24
CUST02985,MX,Toronto,Prefer not to say,Tablet,New,73
CUST02986,CA,Paris,Prefer not to say,Mobile,Returning,32
CUST02987,CA,Paris,Prefer not to say,Mobile,New,46
CUST02988,MX,LA,Non-binary,Tablet,Inactive,55
CUST02989,UK,New York,Male,Mobile,At-Risk,38
CUST02990,US,New York,Non-binary,Desktop,At-Risk,60
CUST02991,FR,London,Female,Desktop,Returning,55
CUST02992,CA,Toronto,Prefer not to say,Desktop,New,24
CUST02993,UK,Paris,Prefer not to say,Tablet,New,25
CUST02994,US,LA,Female,Mobile,Returning,47
CUST02995,MX,London,Male,Tablet,Inactive,45
CUST02996,UK,Berlin,Female,Tablet,Returning,75
CUST02997,DE,Toronto,Prefer not to say,Mobile,Returning,18
CUST02998,AU,Mexico City,Prefer not to say,Desktop,VIP,55
CUST02999,FR,London,Female,Mobile,At-Risk,35
CUST03000,UK,Mexico City,Prefer not to say,Tablet,New,24
CUST03001,MX,New York,Prefer not to say,Desktop,VIP,80
CUST03002,US,New York,Prefer not to say,Mobile,At-Risk,52
CUST03003,US,LA,Female,Desktop,At-Risk,59
CUST03004,MX,Toronto,Female,Desktop,Returning,80
CUST03005,UK,London,Non-binary,Mobile,At-Risk,49
CUST03006,US,Mexico City,Female,Mobile,New,18
CUST03007,CA,New York,Male,Desktop,Inactive,65
CUST03008,MX,Paris,Female,Mobile,New,45
CUST03009,UK,London,Female,Desktop,New,25
CUST03010,AU,Toronto,Male,Tablet,VIP,37
CUST03011,AU,Mexico City,Male,Desktop,Returning,18
CUST03012,MX,London,Female,Tablet,Returning,65
CUST03013,UK,New York,Male,Desktop,At-Risk,55
CUST03014,AU,Mexico City,Male,Desktop,New,65
CUST03015,US,Chicago,Prefer not to say,Tablet,Returning,18
CUST03016,US,Mexico City,Male,Tablet,New,25
CUST03017,US,Chicago,Prefer not to say,Tablet,New,49
CUST03018,CA,New York,Male,Desktop,Returning,59
CUST03019,FR,Chicago,Prefer not to say,Tablet,Inactive,56
CUST03020,MX,LA,Prefer not to say,Mobile,New,55
CUST03021,MX,New York,Female,Mobile,New,30
CUST03022,UK,Chicago,Prefer not to say,Mobile,Returning,18
CUST03023,CA,Paris,Female,Tablet,Returning,25
CUST03024,FR,LA,Female,Mobile,At-Risk,49
CUST03025,FR,Chicago,Non-binary,Mobile,New,65
CUST03026,DE,Chicago,Female,Desktop,Inactive,18
CUST03027,US,Sydney,Prefer not to say,Tablet,Inactive,55
CUST03028,MX,New York,Female,Desktop,At-Risk,68
CUST03029,US,Berlin,Non-binary,Mobile,Returning,65
CUST03030,UK,Sydney,Non-binary,Desktop,VIP,18
CUST03031,AU,Mexico City,Female,Mobile,At-Risk,35
CUST03032,UK,Berlin,Non-binary,Tablet,New,54
CUST03033,US,New York,Prefer not to say,Desktop,New,29
CUST03034,DE,LA,Female,Desktop,Returning,55
CUST03035,UK,Chicago,Male,Desktop,Inactive,65
CUST03036,MX,Paris,Female,Mobile,New,25
CUST03037,US,Paris,Female,Mobile,Inactive,45
CUST03038,DE,Chicago,Female,Mobile,Inactive,60
CUST03039,MX,Sydney,Prefer not to say,Tablet,Returning,55
CUST03040,,London,Female,Mobile,New,35
CUST03041,US,Mexico City,Female,Tablet,Returning,18
CUST03042,MX,LA,Non-binary,Desktop,New,18
CUST03043,AU,Chicago,Male,Desktop,Inactive,45
CUST03044,US,LA,Female,Desktop,At-Risk,18
CUST03045,UK,Chicago,Prefer not to say,Mobile,Returning,55
CUST03046,UK,Paris,Non-binary,Mobile,Returning,45
CUST03047,US,Berlin,Female,Mobile,Inactive,39
CUST03048,CA,Sydney,Prefer not to say,Desktop,New,25
CUST03049,CA,Paris,Female,Tablet,Inactive,55
CUST03050,FR,Chicago,Male,Mobile,Returning,40
CUST03051,US,Sydney,Prefer not to say,Desktop,Inactive,67
CUST03052,DE,Chicago,Non-binary,Mobile,Inactive,44
CUST03053,UK,Chicago,Non-binary,Mobile,New,39
CUST03054,US,Berlin,Prefer not to say,Mobile,VIP,45
CUST03055,UK,Chicago,Male,Desktop,New,45
CUST03056,US,Chicago,Male,Mobile,New,45
CUST03057,AU,LA,Female,Tablet,Returning,59
CUST03058,,Chicago,Non-binary,Desktop,New,20
CUST03059,UK,London,Prefer not to say,Desktop,New,58
CUST03060,MX,Berlin,Male,Mobile,At-Risk,25
CUST03061,CA,LA,Prefer not to say,Tablet,At-Risk,18
CUST03062,CA,Toronto,Female,Tablet,Returning,18
CUST03063,CA,London,Male,Tablet,Returning,36
CUST03064,CA,Berlin,Male,Tablet,New,55
CUST03065,UK,Paris,Non-binary,Mobile,New,43
CUST03066,MX,Sydney,Male,Mobile,Returning,18
CUST03067,US,Berlin,Non-binary,Mobile,VIP,18
CUST03068,US,Mexico City,Female,Mobile,Inactive,55
CUST03069,FR,Paris,Female,Tablet,Returning,29
CUST03070,UK,Mexico City,Prefer not to say,Tablet,Inactive,37
CUST03071,AU,Sydney,Male,Mobile,New,65
CUST03072,DE,Paris,Non-binary,Tablet,Returning,68
CUST03073,US,Berlin,Prefer not to say,Mobile,VIP,25
CUST03074,DE,New York,Male,Desktop,New,45
CUST03075,AU,New York,Female,Mobile,Returning,55
CUST03076,DE,Mexico City,Non-binary,Mobile,Returning,72
CUST03077,FR,Paris,Male,Mobile,At-Risk,25
CUST03078,UK,Berlin,Female,Desktop,Returning,35
CUST03079,US,Paris,Male,Desktop,Returning,23
CUST03080,US,Toronto,Prefer not to say,Tablet,New,25
CUST03081,CA,London,Prefer not to say,Tablet,VIP,35
CUST03082,FR,Toronto,Male,Desktop,Inactive,25
CUST03083,MX,Berlin,Female,Tablet,New,65
CUST03084,MX,Paris,Female,Mobile,New,51
CUST03085,MX,New York,Female,Tablet,Returning,24
CUST03086,CA,Sydney,Prefer not to say,Mobile,New,24
CUST03087,MX,New York,Prefer not to say,Mobile,Returning,18
CUST03088,US,Berlin,Male,Mobile,At-Risk,45
CUST03089,US,London,Male,Tablet,Returning,74
CUST03090,US,LA,Female,Mobile,Returning,33
CUST03091,FR,Chicago,Male,Tablet,New,18
CUST03092,AU,Sydney,Non-binary,Tablet,At-Risk,30
CUST03093,CA,Chicago,Prefer not to say,Mobile,At-Risk,29
CUST03094,MX,Sydney,Non-binary,Desktop,New,20
CUST03095,CA,Chicago,Male,Desktop,At-Risk,35
CUST03096,DE,Berlin,Female,Tablet,VIP,35
CUST03097,US,Mexico City,Prefer not to say,Desktop,Returning,65
CUST03098,US,London,Non-binary,Desktop,At-Risk,38
CUST03099,DE,LA,Prefer not to say,Tablet,Returning,65
CUST03100,AU,Toronto,Prefer not to say,Mobile,Returning,45
CUST03101,CA,Sydney,Male,Desktop,Returning,55
CUST03102,MX,Toronto,Non-binary,Mobile,New,51
CUST03103,US,Toronto,Male,Mobile,Returning,18
CUST03104,AU,Paris,Prefer not to say,Mobile,Inactive,67
CUST03105,CA,New York,Non-binary,Mobile,Returning,56
CUST03106,US,Berlin,Non-binary,Desktop,New,27
CUST03107,AU,Berlin,Female,Mobile,Inactive,45
CUST03108,UK,Sydney,Male,Tablet,New,60
CUST03109,FR,Mexico City,Prefer not to say,Desktop,Returning,55
CUST03110,AU,Paris,Non-binary,Desktop,Returning,46
CUST03111,US,Sydney,Non-binary,Tablet,At-Risk,25
CUST03112,MX,Berlin,Prefer not to say,Mobile,Inactive,60
CUST03113,AU,Sydney,Male,Tablet,Returning,65
CUST03114,FR,Chicago,Male,Tablet,Returning,18
CUST03115,US,Chicago,Prefer not to say,Mobile,New,25
CUST03116,US,Paris,Non-binary,Desktop,Inactive,55
CUST03117,US,Chicago,Prefer not to say,Desktop,New,37
CUST03118,FR,Sydney,Prefer not to say,Mobile,New,27
CUST03119,US,Berlin,Female,Mobile,Returning,78
CUST03120,US,London,Male,Mobile,Returning,18
CUST03121,US,London,Female,Mobile,Returning,28
CUST03122,FR,Mexico City,Female,Tablet,Returning,18
CUST03123,CA,Berlin,Non-binary,Tablet,At-Risk,43
CUST03124,US,LA,Female,Tablet,Returning,52
CUST03125,US,Paris,Non-binary,Mobile,VIP,18
CUST03126,US,Chicago,Female,Desktop,Inactive,54
CUST03127,US,Paris,Male,Desktop,returning,25
CUST03128,US,Mexico City,Non-binary,Mobile,New,51
CUST03129,CA,Mexico City,Non-binary,Mobile,Returning,60
CUST03130,AU,London,Male,Mobile,Returning,18
CUST03131,US,Paris,Prefer not to say,Desktop,Returning,67
CUST03132,UK,New York,Prefer not to say,Mobile,New,45
CUST03133,AU,Mexico City,Non-binary,Tablet,New,45
CUST03134,MX,Sydney,Non-binary,Desktop,New,74
CUST03135,DE,Toronto,Prefer not to say,Tablet,New,27
CUST03136,CA,London,Prefer not to say,Mobile,At-Risk,55
CUST03137,CA,London,Female,Mobile,New,35
CUST03138,CA,Toronto,Non-binary,Desktop,New,31
CUST03139,US,Mexico City,Male,Tablet,Returning,78
CUST03140,DE,Berlin,Female,Desktop,Returning,35
CUST03141,US,Paris,Female,Mobile,VIP,25
CUST03142,AU,London,Female,Tablet,Inactive,35
CUST03143,AU,Sydney,Male,Tablet,VIP,47
CUST03144,US,Mexico City,Prefer not to say,Mobile,Returning,25
CUST03145,CA,New York,Prefer not to say,Tablet,Returning,18
CUST03146,AU,Berlin,Prefer not to say,Desktop,New,72
CUST03147,DE,London,Prefer not to say,Mobile,Inactive,55
CUST03148,UK,London,Prefer not to say,Mobile,VIP,45
CUST03149,DE,Paris,Male,Mobile,New,45
CUST03150,DE,Paris,Prefer not to say,Mobile,Returning,25
CUST03151,CA,Sydney,Prefer not to say,Desktop,Inactive,35
CUST03152,UK,Berlin,Prefer not to say,Desktop,Returning,53
CUST03153,UK,New York,Male,Desktop,New,45
CUST03154,UK,Chicago,Non-binary,Tablet,At-Risk,52
CUST03155,MX,Berlin,Male,Mobile,Returning,45
CUST03156,CA,Sydney,Non-binary,Mobile,At-Risk,18
CUST03157,UK,Paris,Male,Tablet,Inactive,45
CUST03158,UK,Sydney,Male,Mobile,VIP,18
CUST03159,DE,London,Female,Mobile,At-Risk,35
CUST03160,US,Berlin,Male,Tablet,New,25
CUST03161,US,London,Male,Mobile,Inactive,18
CUST03162,US,LA,Prefer not to say,Tablet,At-Risk,55
CUST03163,US,Chicago,Non-binary,Mobile,Returning,35
CUST03164,DE,London,Non-binary,Mobile,Returning,35
CUST03165,MX,Mexico City,Male,Tablet,Returning,65
CUST03166,FR,New York,Non-binary,Tablet,Returning,25
CUST03167,US,Paris,Male,Mobile,VIP,25
CUST03168,FR,LA,Non-binary,Tablet,At-Risk,18
CUST03169,UK,New York,Prefer not to say,Mobile,Returning,35
CUST03170,US,Sydney,Prefer not to say,Desktop,New,25
CUST03171,,LA,Non-binary,Mobile,Returning,35
CUST03172,FR,Toronto,Male,Tablet,VIP,56
CUST03173,DE,Mexico City,Prefer not to say,Tablet,At-Risk,39
CUST03174,DE,Toronto,Female,Desktop,New,45
CUST03175,CA,London,Female,Desktop,Returning,69
CUST03176,UK,Sydney,Female,Tablet,New,25
CUST03177,US,LA,Non-binary,Mobile,New,55
CUST03178,UK,London,Female,Desktop,Returning,57
CUST03179,DE,Mexico City,Male,Desktop,Returning,35
CUST03180,US,Toronto,Prefer not to say,Mobile,VIP,45
CUST03181,DE,Chicago,Female,Desktop,Inactive,18
CUST03182,US,Paris,Non-binary,Desktop,At-Risk,65
CUST03183,FR,Mexico City,Non-binary,Desktop,Returning,65
CUST03184,AU,Sydney,Prefer not to say,Desktop,New,43
CUST03185,DE,Mexico City,Male,Desktop,New,55
CUST03186,UK,LA,Non-binary,Desktop,Returning,18
CUST03187,DE,Paris,Female,Desktop,Returning,35
CUST03188,UK,Sydney,Prefer not to say,Mobile,Returning,35
CUST03189,US,LA,Female,Mobile,Returning,72
CUST03190,US,New York,Non-binary,Tablet,New,25
CUST03191,US,Mexico City,Prefer not to say,Tablet,Inactive,32
CUST03192,US,Sydney,Male,Desktop,Returning,18
CUST03193,US,Chicago,Female,Desktop,New,18
CUST03194,UK,Toronto,Female,Desktop,Returning,25
CUST03195,FR,Sydney,Male,Mobile,VIP,50
CUST03196,UK,Paris,Female,Mobile,Returning,35
CUST03197,UK,Sydney,Female,Tablet,At-Risk,18
CUST03198,US,Berlin,Male,Tablet,Returning,18
CUST03199,FR,LA,Prefer not to say,Tablet,Returning,18
CUST03200,UK,London,Non-binary,Mobile,VIP,35
CUST03201,UK,LA,Non-binary,Mobile,New,32
CUST03202,FR,Chicago,Female,Tablet,New,65
CUST03203,US,Sydney,Male,Desktop,Returning,47
CUST03204,DE,Sydney,Prefer not to say,Tablet,VIP,23
CUST03205,US,London,Non-binary,Desktop,Returning,25
CUST03206,CA,London,Male,Mobile,Inactive,45
CUST03207,CA,Toronto,Female,Tablet,New,18
CUST03208,UK,LA,Non-binary,Tablet,VIP,57
CUST03209,AU,Chicago,Prefer not to say,Mobile,Returning,25
CUST03210,UK,New York,Female,Tablet,New,65
CUST03211,UK,London,Female,Mobile,Inactive,41
CUST03212,US,Berlin,Male,Tablet,At-Risk,45
CUST03213,,Paris,Male,Desktop,Returning,30
CUST03214,CA,London,Prefer not to say,Mobile,At-Risk,47
CUST03215,AU,Mexico City,Non-binary,Tablet,Returning,65
CUST03216,CA,LA,Prefer not to say,Mobile,Inactive,76
CUST03217,US,LA,Male,Desktop,At-Risk,26
CUST03218,FR,LA,Female,Desktop,At-Risk,35
CUST03219,UK,New York,Non-binary,Tablet,VIP,46
CUST03220,UK,Chicago,Female,Tablet,New,41
CUST03221,FR,New York,Female,Desktop,Inactive,33
CUST03222,AU,Paris,Female,Mobile,Returning,18
CUST03223,MX,Paris,Prefer not to say,Desktop,Returning,52
CUST03224,US,Toronto,Non-binary,Mobile,VIP,41
CUST03225,US,Toronto,Non-binary,Tablet,VIP,70
CUST03226,US,Paris,Female,Desktop,VIP,25
CUST03227,AU,Sydney,Male,Desktop,New,23
CUST03228,CA,London,Male,Tablet,New,53
CUST03229,CA,Paris,Non-binary,Desktop,Returning,18
CUST03230,MX,Paris,Female,Desktop,New,18
CUST03231,US,Berlin,Prefer not to say,Tablet,Returning,22
CUST03232,DE,Sydney,Prefer not to say,Desktop,Returning,30
CUST03233,CA,Toronto,Non-binary,Mobile,New,55
CUST03234,CA,Toronto,Non-binary,Desktop,VIP,18
CUST03235,UK,Mexico City,Female,Tablet,New,32
CUST03236,US,Berlin,Non-binary,Desktop,New,27
CUST03237,US,London,Female,Mobile,VIP,35
CUST03238,CA,Sydney,Prefer not to say,Tablet,At-Risk,65
CUST03239,US,New York,Non-binary,Mobile,At-Risk,25
CUST03240,US,Paris,Prefer not to say,Mobile,Returning,45
CUST03241,AU,Mexico City,Male,Mobile,At-Risk,55
CUST03242,,LA,Non-binary,Mobile,Inactive,45
CUST03243,US,Paris,Prefer not to say,Tablet,New,18
CUST03244,US,Mexico City,Male,Tablet,Returning,18
CUST03245,DE,Mexico City,Non-binary,Desktop,Returning,80
CUST03246,UK,Mexico City,Male,Mobile,Returning,18
CUST03247,FR,LA,Non-binary,Desktop,New,25
CUST03248,US,Chicago,Female,Mobile,New,52
CUST03249,CA,Berlin,Male,Tablet,VIP,65
CUST03250,CA,London,Female,Mobile,New,77
CUST03251,US,London,Non-binary,Tablet,Returning,18
CUST03252,,Paris,Prefer not to say,Mobile,Inactive,23
CUST03253,US,Chicago,Non-binary,Mobile,New,25
CUST03254,DE,Chicago,Male,Desktop,New,25
CUST03255,US,New York,Male,Mobile,Inactive,18
CUST03256,UK,LA,Female,Mobile,New,35
CUST03257,US,LA,Female,Mobile,Returning,55
CUST03258,CA,Paris,Non-binary,Desktop,At-Risk,35
CUST03259,US,London,Prefer not to say,Desktop,Returning,64
CUST03260,CA,Paris,Female,Desktop,Returning,61
CUST03261,AU,Toronto,Prefer not to say,Desktop,Inactive,55
CUST03262,FR,Mexico City,Non-binary,Mobile,New,29
CUST03263,CA,LA,Non-binary,Tablet,At-Risk,45
CUST03264,CA,LA,Non-binary,Desktop,Returning,35
CUST03265,CA,Mexico City,Male,Tablet,At-Risk,25
CUST03266,CA,Berlin,Female,Mobile,New,23
CUST03267,CA,Sydney,Non-binary,Desktop,New,25
CUST03268,FR,Mexico City,Prefer not to say,Mobile,Returning,25
CUST03269,UK,Chicago,Non-binary,Mobile,VIP,35
CUST03270,US,Sydney,Male,Mobile,New,35
CUST03271,AU,Mexico City,Female,Desktop,Inactive,45
CUST03272,CA,Mexico City,Prefer not to say,Mobile,Returning,45
CUST03273,MX,Mexico City,Female,Desktop,Returning,18
CUST03274,FR,Mexico City,Male,Desktop,Returning,25
CUST03275,FR,Paris,Female,Tablet,New,55
CUST03276,US,Toronto,Prefer not to say,Mobile,Returning,20
CUST03277,AU,New York,Male,Desktop,At-Risk,25
CUST03278,UK,New York,Female,Desktop,Inactive,61
CUST03279,US,LA,Non-binary,Desktop,New,18
CUST03280,CA,Berlin,Non-binary,Mobile,Returning,45
CUST03281,US,London,Non-binary,Desktop,At-Risk,47
CUST03282,US,London,Male,Mobile,New,45
CUST03283,UK,LA,Female,Tablet,New,72
CUST03284,AU,LA,Prefer not to say,Desktop,Returning,35
CUST03285,FR,Berlin,Female,Tablet,New,62
CUST03286,MX,New York,Male,Desktop,New,18
CUST03287,DE,New York,Male,Mobile,New,59
CUST03288,CA,Paris,Prefer not to say,Tablet,Returning,25
CUST03289,CA,London,Male,Tablet,At-Risk,64
CUST03290,US,LA,Prefer not to say,Desktop,New,65
CUST03291,US,LA,Male,Desktop,Inactive,35
CUST03292,FR,LA,Male,Mobile,Returning,65
CUST03293,US,Mexico City,Prefer not to say,Desktop,New,18
CUST03294,UK,LA,Male,Mobile,VIP,20
CUST03295,US,Berlin,Non-binary,Tablet,Returning,35
CUST03296,US,Paris,Male,Tablet,New,41
CUST03297,US,LA,Female,Tablet,At-Risk,45
CUST03298,CA,LA,Prefer not to say,Mobile,New,48
CUST03299,US,New York,Female,Desktop,VIP,56
CUST03300,US,LA,Non-binary,Mobile,Returning,55
CUST03301,UK,Chicago,Prefer not to say,Tablet,New,66
CUST03302,MX,Berlin,Prefer not to say,Desktop,At-Risk,45
CUST03303,DE,LA,Male,Tablet,New,23
CUST03304,US,LA,Non-binary,Mobile,Inactive,65
CUST03305,US,New York,Male,Tablet,New,38
CUST03306,US,Paris,Female,Desktop,New,35
CUST03307,CA,Berlin,Female,Tablet,Returning,39
CUST03308,US,Berlin,Non-binary,Desktop,New,20
CUST03309,UK,London,Non-binary,Desktop,Returning,55
CUST03310,UK,Toronto,Male,Mobile,Inactive,55
CUST03311,FR,Paris,Prefer not to say,Desktop,VIP,65
CUST03312,CA,Chicago,Female,Desktop,New,55
CUST03313,UK,Chicago,Non-binary,Desktop,Returning,34
CUST03314,MX,New York,Male,Desktop,Returning,20
CUST03315,US,Paris,Prefer not to say,Mobile,New,33
CUST03316,UK,LA,Male,Mobile,At-Risk,51
CUST03317,MX,London,Male,Desktop,Returning,55
CUST03318,US,Toronto,Male,Mobile,Returning,53
CUST03319,US,Chicago,Female,Mobile,New,34
CUST03320,US,Berlin,Female,Tablet,New,56
CUST03321,DE,New York,Non-binary,Mobile,New,55
CUST03322,CA,LA,Female,Desktop,Returning,54
CUST03323,US,New York,Non-binary,Mobile,Returning,26
CUST03324,US,Chicago,Male,Desktop,Returning,67
CUST03325,AU,Sydney,Male,Tablet,Returning,65
CUST03326,US,Mexico City,Male,Mobile,New,18
CUST03327,DE,Berlin,Female,Desktop,Inactive,43
CUST03328,US,LA,Non-binary,Desktop,At-Risk,55
CUST03329,UK,Chicago,Male,Mobile,VIP,35
CUST03330,FR,Toronto,Male,Desktop,Inactive,55
CUST03331,UK,New York,Female,Desktop,VIP,70
CUST03332,FR,Sydney,Non-binary,Mobile,New,29
CUST03333,DE,Berlin,Non-binary,Desktop,New,55
CUST03334,DE,New York,Non-binary,Mobile,Returning,55
CUST03335,MX,New York,Non-binary,Desktop,Inactive,55
CUST03336,DE,Paris,Male,Tablet,Returning,62
CUST03337,MX,Sydney,Non-binary,Desktop,New,45
CUST03338,MX,Paris,Male,Mobile,New,35
CUST03339,US,Mexico City,Male,Mobile,Returning,35
CUST03340,US,Sydney,Prefer not to say,Tablet,New,55
CUST03341,DE,London,Prefer not to say,Desktop,New,45
CUST03342,US,Chicago,Female,Tablet,New,61
CUST03343,US,New York,Non-binary,Mobile,Returning,44
CUST03344,CA,Berlin,Female,Desktop,VIP,18
CUST03345,UK,London,Male,Desktop,Returning,35
CUST03346,MX,Chicago,Non-binary,Desktop,New,23
CUST03347,US,Berlin,Non-binary,Desktop,New,65
CUST03348,CA,Chicago,Prefer not to say,Mobile,Returning,65
CUST03349,US,Chicago,Male,Desktop,Returning,55
CUST03350,CA,Chicago,Male,Desktop,Returning,31
CUST03351,UK,Berlin,Female,Tablet,Inactive,25
CUST03352,DE,New York,Prefer not to say,Mobile,Returning,25
CUST03353,US,Chicago,Male,Desktop,At-Risk,18
CUST03354,US,LA,Male,Mobile,New,29
CUST03355,US,Toronto,Prefer not to say,Tablet,Returning,30
CUST03356,US,New York,Female,Tablet,New,18
CUST03357,MX,Chicago,Non-binary,Desktop,Returning,18
CUST03358,CA,Mexico City,Non-binary,Desktop,returning,65
CUST03359,US,Chicago,Female,Mobile,Returning,65
CUST03360,US,Paris,Prefer not to say,Desktop,New,65
CUST03361,CA,Sydney,Non-binary,Mobile,Returning,41
CUST03362,DE,Berlin,Female,Tablet,Inactive,43
CUST03363,US,Sydney,Prefer not to say,Desktop,Returning,69
CUST03364,US,Sydney,Prefer not to say,Mobile,New,35
CUST03365,US,Berlin,Prefer not to say,Tablet,New,55
CUST03366,US,Chicago,Female,Mobile,returning,78
CUST03367,MX,Sydney,Male,Desktop,Returning,45
CUST03368,MX,Chicago,Female,Mobile,Returning,27
CUST03369,UK,LA,Female,Desktop,Returning,37
CUST03370,AU,Berlin,Prefer not to say,Mobile,Returning,43
CUST03371,US,London,Female,Mobile,At-Risk,35
CUST03372,UK,Toronto,Female,Mobile,At-Risk,42
CUST03373,US,Berlin,Prefer not to say,Desktop,New,25
CUST03374,UK,LA,Prefer not to say,Tablet,VIP,55
CUST03375,UK,LA,Non-binary,Mobile,Returning,45
CUST03376,US,London,Male,Desktop,New,18
CUST03377,AU,Chicago,Prefer not to say,Desktop,Returning,45
CUST03378,US,London,Non-binary,Desktop,Returning,32
CUST03379,CA,Paris,Prefer not to say,Desktop,Returning,71
CUST03380,UK,Chicago,Female,Desktop,Returning,35
CUST03381,AU,New York,Non-binary,Desktop,At-Risk,42
CUST03382,US,Paris,Non-binary,Desktop,Returning,49
CUST03383,US,Paris,Female,Desktop,New,71
CUST03384,UK,Toronto,Non-binary,Tablet,Returning,28
CUST03385,DE,London,Female,Mobile,New,29
CUST03386,CA,Berlin,Male,Mobile,At-Risk,45
CUST03387,UK,New York,Non-binary,Desktop,Returning,45
CUST03388,UK,Mexico City,Non-binary,Tablet,Returning,25
CUST03389,US,Mexico City,Female,Mobile,New,25
CUST03390,FR,Toronto,Prefer not to say,Tablet,At-Risk,27
CUST03391,US,London,Non-binary,Mobile,VIP,55
CUST03392,AU,Toronto,Prefer not to say,Tablet,New,46
CUST03393,UK,LA,Male,Mobile,New,45
CUST03394,US,London,Non-binary,Mobile,VIP,65
CUST03395,US,Toronto,Prefer not to say,Desktop,Inactive,25
CUST03396,US,Mexico City,Prefer not to say,Desktop,New,55
CUST03397,US,New York,Non-binary,Tablet,New,70
CUST03398,CA,Chicago,Male,Tablet,At-Risk,49
CUST03399,DE,LA,Female,Mobile,At-Risk,72
CUST03400,US,Berlin,Male,Tablet,Inactive,56
CUST03401,US,LA,Prefer not to say,Desktop,New,38
CUST03402,AU,New York,Female,Tablet,New,72
CUST03403,FR,London,Non-binary,Tablet,VIP,76
CUST03404,US,Berlin,Prefer not to say,Desktop,New,35
CUST03405,US,Berlin,Female,Tablet,New,65
CUST03406,CA,Sydney,Non-binary,Desktop,Returning,55
CUST03407,US,New York,Male,Desktop,New,25
CUST03408,CA,Sydney,Non-binary,Mobile,New,46
CUST03409,US,LA,Prefer not to say,Tablet,At-Risk,49
CUST03410,FR,LA,Prefer not to say,Mobile,New,65
CUST03411,MX,Mexico City,Prefer not to say,Mobile,Inactive,45
CUST03412,UK,Mexico City,Female,Tablet,Returning,45
CUST03413,US,Berlin,Male,Desktop,At-Risk,47
CUST03414,CA,Mexico City,Male,Tablet,New,25
CUST03415,UK,Berlin,Female,Desktop,New,74
CUST03416,DE,Mexico City,Female,Desktop,Returning,75
CUST03417,FR,Sydney,Non-binary,Tablet,returning,25
CUST03418,CA,Paris,Prefer not to say,Tablet,At-Risk,64
CUST03419,US,Mexico City,Non-binary,Mobile,New,25
CUST03420,UK,Mexico City,Female,Desktop,Returning,45
CUST03421,CA,Chicago,Non-binary,Mobile,VIP,65
CUST03422,MX,New York,Prefer not to say,Mobile,Inactive,18
CUST03423,DE,New York,Prefer not to say,Mobile,New,45
CUST03424,UK,LA,Male,Tablet,Returning,54
CUST03425,US,Mexico City,Prefer not to say,Mobile,VIP,69
CUST03426,US,Chicago,Male,Mobile,Inactive,54
CUST03427,US,London,Prefer not to say,Mobile,New,25
CUST03428,CA,Sydney,Prefer not to say,Mobile,VIP,65
CUST03429,DE,LA,Prefer not to say,Desktop,Returning,55
CUST03430,CA,Sydney,Prefer not to say,Desktop,Returning,47
CUST03431,AU,Toronto,Female,Desktop,Returning,71
CUST03432,US,Chicago,Female,Desktop,VIP,55
CUST03433,FR,Sydney,Female,Tablet,Returning,68
CUST03434,DE,Toronto,Male,Desktop,At-Risk,19
CUST03435,CA,Paris,Male,Mobile,VIP,53
CUST03436,DE,Berlin,Male,Tablet,New,18
CUST03437,US,Chicago,Prefer not to say,Mobile,VIP,48
CUST03438,US,Toronto,Non-binary,Desktop,Returning,45
CUST03439,UK,Toronto,Female,Desktop,Inactive,55
CUST03440,AU,LA,Female,Mobile,Returning,28
CUST03441,UK,London,Prefer not to say,Mobile,New,55
CUST03442,MX,London,Female,Mobile,Returning,69
CUST03443,UK,Paris,Prefer not to say,Desktop,New,65
CUST03444,CA,London,Female,Tablet,Returning,45
CUST03445,CA,New York,Female,Mobile,New,18
CUST03446,US,Paris,Male,Desktop,Returning,19
CUST03447,UK,Chicago,Prefer not to say,Mobile,New,35
CUST03448,AU,Toronto,Female,Desktop,At-Risk,18
CUST03449,US,Toronto,Male,Mobile,Returning,51
CUST03450,AU,Mexico City,Female,Mobile,Returning,20
CUST03451,US,London,Male,Mobile,New,67
CUST03452,CA,LA,Non-binary,Tablet,Inactive,74
CUST03453,DE,Toronto,Male,Desktop,New,66
CUST03454,UK,Toronto,Prefer not to say,Desktop,Returning,47
CUST03455,US,LA,Female,Mobile,At-Risk,64
CUST03456,,London,Prefer not to say,Tablet,Returning,18
CUST03457,CA,LA,Male,Desktop,New,69
CUST03458,FR,Paris,Prefer not to say,Mobile,New,65
CUST03459,UK,LA,Male,Tablet,Inactive,39
CUST03460,MX,Paris,Non-binary,Tablet,New,61
CUST03461,MX,LA,Prefer not to say,Desktop,Returning,48
CUST03462,UK,Toronto,Prefer not to say,Mobile,At-Risk,55
CUST03463,FR,LA,Prefer not to say,Tablet,Returning,65
CUST03464,US,Paris,Prefer not to say,Desktop,New,62
CUST03465,UK,Toronto,Prefer not to say,Tablet,Returning,22
CUST03466,CA,Mexico City,Male,Desktop,New,25
CUST03467,US,LA,Female,Desktop,Returning,35
CUST03468,UK,Berlin,Prefer not to say,Desktop,New,48
CUST03469,US,Mexico City,Male,Desktop,Returning,55
CUST03470,CA,LA,Prefer not to say,Desktop,At-Risk,18
CUST03471,US,Chicago,Non-binary,Desktop,New,55
CUST03472,UK,LA,Non-binary,Tablet,New,45
CUST03473,FR,New York,Female,Desktop,At-Risk,35
CUST03474,FR,Sydney,Prefer not to say,Desktop,Returning,32
CUST03475,FR,Chicago,Female,Mobile,Returning,25
CUST03476,CA,Mexico City,Prefer not to say,Tablet,New,73
CUST03477,US,New York,Prefer not to say,Tablet,At-Risk,55
CUST03478,US,Toronto,Prefer not to say,Tablet,New,25
CUST03479,UK,New York,Male,Desktop,Returning,20
CUST03480,US,Paris,Prefer not to say,Mobile,At-Risk,35
CUST03481,UK,London,Male,Tablet,New,35
CUST03482,AU,London,Non-binary,Desktop,At-Risk,18
CUST03483,CA,Sydney,Non-binary,Mobile,VIP,45
CUST03484,US,London,Non-binary,Mobile,Returning,39
CUST03485,CA,Mexico City,Prefer not to say,Desktop,VIP,45
CUST03486,AU,London,Female,Tablet,Returning,35
CUST03487,UK,Paris,Prefer not to say,Mobile,Returning,45
CUST03488,UK,New York,Prefer not to say,Desktop,New,40
CUST03489,US,London,Female,Mobile,Inactive,55
CUST03490,DE,London,Non-binary,Mobile,New,55
CUST03491,DE,Mexico City,Male,Desktop,Returning,65
CUST03492,CA,New York,Female,Tablet,Returning,18
CUST03493,US,New York,Prefer not to say,Mobile,At-Risk,65
CUST03494,US,Sydney,Prefer not to say,Mobile,New,60
CUST03495,US,Berlin,Male,Mobile,Returning,59
CUST03496,MX,Berlin,Male,Desktop,Returning,30
CUST03497,AU,London,Non-binary,Mobile,Returning,65
CUST03498,US,Toronto,Male,Mobile,New,41
CUST03499,CA,Toronto,Female,Desktop,VIP,65
CUST03500,AU,LA,Female,Mobile,Inactive,69
CUST03501,US,Chicago,Prefer not to say,Desktop,Inactive,35
CUST03502,US,Paris,Female,Tablet,Returning,55
CUST03503,US,Toronto,Female,Tablet,Returning,58
CUST03504,CA,LA,Non-binary,Tablet,Returning,43
CUST03505,DE,Toronto,Non-binary,Mobile,New,78
CUST03506,CA,Berlin,Female,Tablet,At-Risk,44
CUST03507,MX,Mexico City,Male,Desktop,Returning,30
CUST03508,UK,Chicago,Male,Tablet,Returning,35
CUST03509,MX,Chicago,Prefer not to say,Desktop,VIP,67
CUST03510,US,LA,Prefer not to say,Desktop,New,57
CUST03511,DE,Toronto,Male,Tablet,Returning,18
CUST03512,US,Berlin,Male,Desktop,Inactive,28
CUST03513,CA,Berlin,Female,Mobile,New,35
CUST03514,AU,LA,Female,Mobile,Returning,45
CUST03515,UK,London,Non-binary,Mobile,Inactive,55
CUST03516,US,Toronto,Prefer not to say,Desktop,New,21
CUST03517,US,Toronto,Male,Mobile,New,55
CUST03518,CA,Sydney,Female,Tablet,Returning,35
CUST03519,AU,New York,Non-binary,Tablet,New,35
CUST03520,UK,London,Female,Desktop,New,65
CUST03521,US,Chicago,Prefer not to say,Desktop,At-Risk,24
CUST03522,US,Chicago,Male,Tablet,New,43
CUST03523,US,Berlin,Male,Desktop,Inactive,47
CUST03524,US,LA,Male,Tablet,New,46
CUST03525,DE,Mexico City,Female,Desktop,New,25
CUST03526,UK,Paris,Prefer not to say,Mobile,VIP,25
CUST03527,DE,Sydney,Male,Desktop,VIP,55
CUST03528,AU,LA,Non-binary,Mobile,At-Risk,55
CUST03529,CA,Chicago,Male,Mobile,New,18
CUST03530,AU,Sydney,Male,Mobile,New,57
CUST03531,CA,Berlin,Prefer not to say,Desktop,New,18
CUST03532,US,London,Male,Tablet,At-Risk,79
CUST03533,CA,Sydney,Non-binary,Desktop,VIP,45
CUST03534,AU,Paris,Male,Mobile,New,31
CUST03535,FR,LA,Male,Desktop,Returning,27
CUST03536,CA,Mexico City,Non-binary,Mobile,New,53
CUST03537,US,Chicago,Non-binary,Mobile,VIP,62
CUST03538,AU,LA,Prefer not to say,Tablet,VIP,25
CUST03539,MX,New York,Female,Tablet,Returning,25
CUST03540,FR,Sydney,Female,Tablet,Returning,18
CUST03541,UK,London,Prefer not to say,Desktop,Returning,65
CUST03542,US,LA,Non-binary,Tablet,Returning,18
CUST03543,UK,Paris,Female,Desktop,Returning,18
CUST03544,FR,Berlin,Male,Mobile,Returning,79
CUST03545,UK,LA,Male,Tablet,New,35
CUST03546,CA,Paris,Prefer not to say,Mobile,Inactive,37
CUST03547,CA,Chicago,Prefer not to say,Desktop,At-Risk,45
CUST03548,UK,LA,Prefer not to say,Mobile,VIP,45
CUST03549,CA,Paris,Prefer not to say,Desktop,New,46
CUST03550,CA,Sydney,Male,Mobile,Returning,35
CUST03551,AU,New York,Female,Tablet,At-Risk,35
CUST03552,FR,London,Prefer not to say,Mobile,At-Risk,75
CUST03553,MX,Toronto,Female,Mobile,Returning,25
CUST03554,US,LA,Non-binary,Mobile,Returning,50
CUST03555,CA,Toronto,Male,Tablet,New,34
CUST03556,US,New York,Non-binary,Desktop,New,54
CUST03557,DE,Sydney,Male,Mobile,Returning,45
CUST03558,US,Mexico City,Female,Desktop,New,21
CUST03559,US,LA,Non-binary,Tablet,VIP,46
CUST03560,AU,Chicago,Prefer not to say,Mobile,New,55
CUST03561,US,London,Male,Desktop,New,35
CUST03562,DE,Sydney,Female,Mobile,New,18
CUST03563,UK,New York,Male,Tablet,Returning,18
CUST03564,DE,Sydney,Non-binary,Tablet,VIP,45
CUST03565,AU,London,Prefer not to say,Desktop,Returning,65
CUST03566,DE,Chicago,Female,Mobile,New,57
CUST03567,CA,Berlin,Prefer not to say,Desktop,At-Risk,57
CUST03568,UK,LA,Male,Desktop,Returning,56
CUST03569,FR,Berlin,Prefer not to say,Mobile,At-Risk,72
CUST03570,US,Berlin,Non-binary,Desktop,Returning,34
CUST03571,US,Paris,Female,Desktop,Returning,45
CUST03572,US,Toronto,Male,Desktop,Returning,18
CUST03573,US,New York,Prefer not to say,Mobile,At-Risk,18
CUST03574,US,LA,Prefer not to say,Mobile,VIP,65
CUST03575,US,Mexico City,Non-binary,Desktop,Returning,20
CUST03576,CA,New York,Female,Desktop,Returning,65
CUST03577,CA,Mexico City,Non-binary,Tablet,New,68
CUST03578,MX,Mexico City,Male,Mobile,VIP,33
CUST03579,DE,Berlin,Non-binary,Mobile,New,65
CUST03580,DE,Berlin,Male,Tablet,VIP,65
CUST03581,US,Chicago,Female,Desktop,returning,18
CUST03582,AU,London,Non-binary,Desktop,Returning,59
CUST03583,CA,Berlin,Prefer not to say,Mobile,New,42
CUST03584,US,Sydney,Prefer not to say,Tablet,At-Risk,18
CUST03585,DE,Paris,Non-binary,Desktop,VIP,21
CUST03586,US,New York,Female,Tablet,New,80
CUST03587,FR,LA,Prefer not to say,Desktop,Returning,33
CUST03588,US,Sydney,Female,Desktop,Inactive,25
CUST03589,AU,Toronto,Non-binary,Mobile,New,28
CUST03590,US,Chicago,Non-binary,Mobile,New,65
CUST03591,AU,New York,Prefer not to say,Tablet,At-Risk,25
CUST03592,AU,London,Male,Mobile,Returning,32
CUST03593,FR,Chicago,Non-binary,Tablet,New,35
CUST03594,FR,London,Female,Desktop,New,73
CUST03595,CA,LA,Male,Tablet,Returning,46
CUST03596,FR,Paris,Non-binary,Mobile,Inactive,18
CUST03597,US,Toronto,Male,Mobile,Returning,38
CUST03598,CA,Berlin,Male,Tablet,New,78
CUST03599,UK,LA,Male,Mobile,Returning,25
CUST03600,MX,Chicago,Female,Mobile,Returning,35
CUST03601,UK,Paris,Prefer not to say,Tablet,VIP,45
CUST03602,CA,Paris,Male,Tablet,New,25
CUST03603,FR,Toronto,Male,Tablet,At-Risk,55
CUST03604,US,Chicago,Non-binary,Mobile,VIP,37
CUST03605,US,London,Prefer not to say,Mobile,VIP,55
CUST03606,UK,Toronto,Non-binary,Mobile,Returning,55
CUST03607,AU,London,Male,Tablet,Returning,62
CUST03608,US,Mexico City,Female,Desktop,New,35
CUST03609,UK,Sydney,Non-binary,Mobile,Returning,41
CUST03610,CA,Mexico City,Non-binary,Tablet,Inactive,25
CUST03611,US,Paris,Non-binary,Desktop,Returning,25
CUST03612,US,New York,Non-binary,Desktop,Returning,45
CUST03613,US,Berlin,Non-binary,Mobile,New,21
CUST03614,US,Paris,Prefer not to say,Tablet,Inactive,35
CUST03615,UK,London,Prefer not to say,Mobile,Returning,55
CUST03616,UK,New York,Prefer not to say,Tablet,At-Risk,65
CUST03617,DE,LA,Male,Mobile,Inactive,52
CUST03618,AU,Paris,Prefer not to say,Desktop,New,46
CUST03619,US,Mexico City,Prefer not to say,Mobile,Returning,65
CUST03620,UK,Chicago,Female,Desktop,New,65
CUST03621,DE,Mexico City,Non-binary,Mobile,returning,65
CUST03622,US,Paris,Prefer not to say,Tablet,Returning,71
CUST03623,CA,London,Female,Tablet,New,42
CUST03624,AU,Berlin,Prefer not to say,Mobile,Returning,61
CUST03625,CA,Toronto,Non-binary,Tablet,Inactive,18
CUST03626,MX,LA,Prefer not to say,Mobile,Returning,35
CUST03627,DE,Paris,Male,Tablet,At-Risk,25
CUST03628,UK,LA,Male,Mobile,New,39
CUST03629,UK,Berlin,Male,Tablet,Returning,55
CUST03630,CA,Berlin,Female,Tablet,Inactive,65
CUST03631,UK,New York,Female,Desktop,At-Risk,45
CUST03632,US,Toronto,Non-binary,Desktop,VIP,33
CUST03633,,Paris,Female,Mobile,Returning,35
CUST03634,FR,Berlin,Prefer not to say,Tablet,New,25
CUST03635,AU,Sydney,Female,Mobile,Inactive,65
CUST03636,CA,Paris,Female,Tablet,Returning,39
CUST03637,US,Berlin,Male,Tablet,Returning,45
CUST03638,UK,Sydney,Non-binary,Tablet,New,45
CUST03639,FR,Mexico City,Non-binary,Mobile,Inactive,25
CUST03640,UK,London,Male,Mobile,Returning,70
CUST03641,MX,New York,Non-binary,Mobile,Returning,55
CUST03642,UK,Sydney,Non-binary,Mobile,New,41
CUST03643,CA,Toronto,Male,Tablet,At-Risk,51
CUST03644,FR,London,Male,Desktop,New,65
CUST03645,AU,London,Non-binary,Desktop,New,55
CUST03646,FR,Toronto,Non-binary,Mobile,Returning,74
CUST03647,US,New York,Male,Mobile,Returning,45
CUST03648,DE,New York,Female,Desktop,New,65
CUST03649,MX,Mexico City,Prefer not to say,Desktop,New,23
CUST03650,,Mexico City,Female,Tablet,At-Risk,65
CUST03651,MX,London,Prefer not to say,Desktop,New,45
CUST03652,FR,Sydney,Male,Desktop,Returning,80
CUST03653,MX,Paris,Female,Tablet,VIP,45
CUST03654,,Berlin,Non-binary,Mobile,Returning,26
CUST03655,US,Toronto,Female,Mobile,VIP,38
CUST03656,US,London,Male,Desktop,Returning,45
CUST03657,US,Chicago,Female,Mobile,Returning,55
CUST03658,US,Mexico City,Prefer not to say,Desktop,At-Risk,30
CUST03659,CA,Toronto,Male,Desktop,At-Risk,48
CUST03660,CA,London,Non-binary,Mobile,returning,31
CUST03661,DE,New York,Female,Tablet,New,35
CUST03662,FR,LA,Prefer not to say,Desktop,At-Risk,25
CUST03663,CA,Toronto,Non-binary,Mobile,New,18
CUST03664,US,Berlin,Female,Desktop,Returning,25
CUST03665,UK,Mexico City,Non-binary,Tablet,Returning,24
CUST03666,UK,Berlin,Male,Tablet,Returning,56
CUST03667,FR,Mexico City,Prefer not to say,Desktop,Inactive,18
CUST03668,MX,Chicago,Female,Tablet,Returning,52
CUST03669,US,LA,Male,Tablet,Returning,35
CUST03670,US,Toronto,Non-binary,Mobile,At-Risk,35
CUST03671,CA,Berlin,Prefer not to say,Tablet,New,25
CUST03672,DE,Chicago,Male,Tablet,Inactive,65
CUST03673,US,LA,Non-binary,Tablet,New,35
CUST03674,US,Berlin,Non-binary,Mobile,Returning,18
CUST03675,CA,New York,Non-binary,Desktop,New,25
CUST03676,UK,LA,Male,Tablet,VIP,18
CUST03677,UK,Berlin,Non-binary,Desktop,VIP,35
CUST03678,MX,London,Non-binary,Desktop,VIP,26
CUST03679,DE,Paris,Non-binary,Desktop,New,60
CUST03680,CA,LA,Male,Desktop,New,70
CUST03681,AU,Paris,Male,Mobile,Inactive,45
CUST03682,FR,London,Female,Tablet,New,31
CUST03683,US,Chicago,Female,Tablet,At-Risk,45
CUST03684,CA,Paris,Prefer not to say,Mobile,Returning,65
CUST03685,FR,LA,Male,Mobile,Returning,35
CUST03686,US,Berlin,Prefer not to say,Mobile,At-Risk,73
CUST03687,FR,Toronto,Female,Mobile,New,45
CUST03688,FR,London,Non-binary,Tablet,Inactive,45
CUST03689,CA,LA,Female,Tablet,Returning,33
CUST03690,CA,New York,Non-binary,Tablet,Inactive,33
CUST03691,AU,Mexico City,Prefer not to say,Mobile,Inactive,25
CUST03692,CA,Chicago,Non-binary,Mobile,New,55
CUST03693,UK,Paris,Non-binary,Mobile,Returning,43
CUST03694,CA,Mexico City,Non-binary,Desktop,Returning,20
CUST03695,US,Paris,Non-binary,Tablet,New,19
CUST03696,US,Sydney,Prefer not to say,Tablet,Returning,25
CUST03697,MX,Toronto,Male,Mobile,Inactive,68
CUST03698,MX,Chicago,Male,Mobile,New,65
CUST03699,UK,London,Prefer not to say,Tablet,New,47
CUST03700,US,Toronto,Male,Mobile,Returning,57
CUST03701,UK,Berlin,Female,Tablet,At-Risk,55
CUST03702,CA,LA,Non-binary,Desktop,New,40
CUST03703,CA,Chicago,Female,Tablet,Returning,25
CUST03704,UK,Berlin,Female,Mobile,Returning,25
CUST03705,UK,London,Prefer not to say,Tablet,At-Risk,18
CUST03706,CA,Chicago,Female,Desktop,VIP,45
CUST03707,US,Mexico City,Male,Mobile,Inactive,64
CUST03708,US,Paris,Non-binary,Desktop,New,41
CUST03709,FR,Paris,Prefer not to say,Tablet,Returning,54
CUST03710,CA,Toronto,Prefer not to say,Desktop,At-Risk,35
CUST03711,CA,Chicago,Male,Mobile,Returning,55
CUST03712,US,Berlin,Non-binary,Tablet,Returning,45
CUST03713,AU,Mexico City,Prefer not to say,Desktop,Returning,61
CUST03714,AU,Mexico City,Prefer not to say,Tablet,New,65
CUST03715,UK,LA,Prefer not to say,Desktop,At-Risk,41
CUST03716,CA,Berlin,Male,Desktop,Returning,59
CUST03717,CA,Sydney,Prefer not to say,Mobile,Returning,18
CUST03718,,Berlin,Female,Mobile,Inactive,55
CUST03719,US,Berlin,Prefer not to say,Tablet,New,18
CUST03720,CA,London,Female,Desktop,New,32
CUST03721,US,Mexico City,Male,Tablet,Returning,45
CUST03722,MX,LA,Male,Desktop,VIP,65
CUST03723,CA,Berlin,Female,Desktop,New,63
CUST03724,UK,Sydney,Male,Desktop,Returning,53
CUST03725,MX,Chicago,Prefer not to say,Mobile,Returning,22
CUST03726,CA,Paris,Female,Desktop,At-Risk,65
CUST03727,CA,London,Male,Mobile,New,65
CUST03728,AU,Berlin,Prefer not to say,Desktop,At-Risk,57
CUST03729,US,New York,Female,Mobile,Returning,55
CUST03730,AU,Toronto,Female,Mobile,At-Risk,74
CUST03731,CA,LA,Female,Desktop,Returning,35
CUST03732,US,Sydney,Non-binary,Desktop,Returning,55
CUST03733,UK,New York,Prefer not to say,Desktop,Returning,60
CUST03734,AU,Mexico City,Male,Desktop,Inactive,61
CUST03735,US,London,Non-binary,Mobile,Returning,33
CUST03736,US,LA,Prefer not to say,Desktop,New,37
CUST03737,UK,Mexico City,Non-binary,Tablet,At-Risk,79
CUST03738,UK,Paris,Non-binary,Tablet,Returning,45
CUST03739,US,London,Female,Tablet,Returning,37
CUST03740,MX,Sydney,Male,Desktop,Returning,55
CUST03741,US,London,Male,Desktop,VIP,31
CUST03742,CA,Berlin,Prefer not to say,Desktop,Returning,18
CUST03743,US,Berlin,Non-binary,Desktop,New,18
CUST03744,DE,LA,Non-binary,Tablet,New,35
CUST03745,US,Sydney,Non-binary,Desktop,Inactive,39
CUST03746,CA,Sydney,Non-binary,Mobile,Returning,38
CUST03747,FR,Berlin,Female,Mobile,Returning,36
CUST03748,CA,New York,Non-binary,Desktop,Returning,35
CUST03749,UK,LA,Prefer not to say,Desktop,Inactive,35
CUST03750,CA,Toronto,Prefer not to say,Mobile,Returning,65
CUST03751,FR,London,Male,Desktop,Returning,40
CUST03752,DE,LA,Non-binary,Tablet,Returning,45
CUST03753,UK,Toronto,Non-binary,Mobile,At-Risk,70
CUST03754,DE,Mexico City,Female,Desktop,Inactive,35
CUST03755,AU,Sydney,Male,Mobile,New,48
CUST03756,US,New York,Male,Mobile,Returning,22
CUST03757,MX,London,Male,Desktop,Returning,45
CUST03758,DE,Berlin,Non-binary,Tablet,Inactive,25
CUST03759,US,Berlin,Female,Tablet,VIP,18
CUST03760,UK,Berlin,Female,Desktop,VIP,45
CUST03761,FR,Paris,Male,Desktop,VIP,35
CUST03762,US,London,Male,Mobile,Returning,55
CUST03763,US,London,Female,Mobile,New,55
CUST03764,US,Toronto,Prefer not to say,Desktop,Returning,45
CUST03765,CA,Paris,Prefer not to say,Mobile,VIP,45
CUST03766,US,New York,Male,Desktop,At-Risk,65
CUST03767,,Berlin,Female,Desktop,Returning,65
CUST03768,US,Paris,Female,Tablet,New,39
CUST03769,AU,Mexico City,Prefer not to say,Desktop,New,21
CUST03770,US,Toronto,Female,Mobile,VIP,32
CUST03771,US,Paris,Male,Mobile,At-Risk,40
CUST03772,UK,Chicago,Non-binary,Tablet,At-Risk,60
CUST03773,CA,London,Prefer not to say,Desktop,Inactive,45
CUST03774,CA,London,Non-binary,Mobile,At-Risk,65
CUST03775,AU,Berlin,Male,Mobile,VIP,55
CUST03776,UK,Chicago,Male,Mobile,VIP,18
CUST03777,UK,Toronto,Prefer not to say,Tablet,VIP,20
CUST03778,US,London,Prefer not to say,Mobile,At-Risk,57
CUST03779,US,LA,Non-binary,Tablet,New,25
CUST03780,US,New York,Male,Mobile,New,35
CUST03781,UK,New York,Female,Mobile,Inactive,25
CUST03782,CA,New York,Male,Desktop,Inactive,50
CUST03783,MX,Toronto,Prefer not to say,Desktop,Inactive,19
CUST03784,CA,Sydney,Male,Tablet,returning,22
CUST03785,UK,Mexico City,Prefer not to say,Tablet,New,29
CUST03786,US,Toronto,Male,Mobile,Returning,64
CUST03787,MX,Paris,Non-binary,Tablet,VIP,39
CUST03788,US,Paris,Male,Desktop,Returning,60
CUST03789,DE,London,Male,Tablet,New,65
CUST03790,FR,Chicago,Non-binary,Tablet,New,18
CUST03791,UK,Mexico City,Male,Tablet,New,65
CUST03792,DE,Mexico City,Female,Tablet,New,18
CUST03793,UK,Berlin,Female,Mobile,New,35
CUST03794,MX,Berlin,Female,Desktop,New,65
CUST03795,US,New York,Prefer not to say,Desktop,Returning,19
CUST03796,US,Toronto,Female,Desktop,At-Risk,25
CUST03797,CA,LA,Male,Desktop,VIP,25
CUST03798,CA,Berlin,Non-binary,Desktop,Returning,18
CUST03799,AU,Chicago,Male,Desktop,New,40
CUST03800,UK,Berlin,Non-binary,Tablet,New,25
CUST03801,AU,New York,Female,Desktop,Returning,50
CUST03802,US,LA,Prefer not to say,Tablet,Inactive,45
CUST03803,CA,New York,Non-binary,Mobile,Returning,52
CUST03804,MX,Paris,Non-binary,Tablet,Returning,22
CUST03805,FR,Toronto,Female,Desktop,Returning,55
CUST03806,US,Paris,Prefer not to say,Desktop,Returning,58
CUST03807,US,Toronto,Non-binary,Desktop,Returning,18
CUST03808,AU,Toronto,Male,Tablet,VIP,54
CUST03809,US,Paris,Prefer not to say,Desktop,New,30
CUST03810,CA,London,Non-binary,Tablet,At-Risk,18
CUST03811,CA,Sydney,Female,Mobile,At-Risk,65
CUST03812,MX,London,Female,Desktop,At-Risk,24
CUST03813,DE,London,Prefer not to say,Desktop,At-Risk,35
CUST03814,US,Sydney,Prefer not to say,Desktop,Returning,21
CUST03815,CA,Paris,Non-binary,Desktop,VIP,65
CUST03816,UK,Toronto,Non-binary,Tablet,New,30
CUST03817,US,Mexico City,Non-binary,Tablet,Returning,25
CUST03818,AU,Paris,Prefer not to say,Tablet,New,54
CUST03819,US,Paris,Male,Mobile,VIP,65
CUST03820,UK,Sydney,Prefer not to say,Desktop,New,45
CUST03821,UK,Toronto,Prefer not to say,Mobile,At-Risk,19
CUST03822,UK,Sydney,Male,Tablet,New,59
CUST03823,UK,LA,Female,Tablet,Inactive,30
CUST03824,US,Paris,Female,Desktop,At-Risk,71
CUST03825,US,Toronto,Male,Mobile,Inactive,65
CUST03826,US,New York,Prefer not to say,Tablet,New,35
CUST03827,DE,New York,Prefer not to say,Tablet,VIP,35
CUST03828,US,Paris,Non-binary,Mobile,Returning,35
CUST03829,US,Sydney,Male,Mobile,Returning,55
CUST03830,CA,Mexico City,Non-binary,Desktop,At-Risk,55
CUST03831,US,Mexico City,Male,Desktop,New,18
CUST03832,CA,New York,Non-binary,Mobile,Returning,28
CUST03833,CA,New York,Prefer not to say,Tablet,Returning,25
CUST03834,UK,Mexico City,Prefer not to say,Mobile,Inactive,78
CUST03835,US,Chicago,Female,Mobile,Returning,76
CUST03836,US,Berlin,Prefer not to say,Desktop,Returning,18
CUST03837,DE,Sydney,Prefer not to say,Mobile,New,65
CUST03838,US,Chicago,Non-binary,Tablet,New,68
CUST03839,DE,Paris,Non-binary,Desktop,Returning,18
CUST03840,US,Mexico City,Male,Desktop,At-Risk,25
CUST03841,US,Mexico City,Prefer not to say,Desktop,New,68
CUST03842,US,Chicago,Male,Mobile,New,24
CUST03843,CA,LA,Prefer not to say,Desktop,Inactive,37
CUST03844,US,LA,Male,Desktop,At-Risk,73
CUST03845,UK,New York,Male,Desktop,VIP,42
CUST03846,FR,London,Female,Mobile,Returning,55
CUST03847,US,Berlin,Non-binary,Tablet,Returning,51
CUST03848,US,Mexico City,Prefer not to say,Mobile,Inactive,63
CUST03849,UK,New York,Prefer not to say,Mobile,Returning,32
CUST03850,CA,Chicago,Female,Mobile,Inactive,45
CUST03851,CA,Berlin,Male,Tablet,VIP,65
CUST03852,CA,Paris,Prefer not to say,Tablet,VIP,18
CUST03853,US,LA,Female,Mobile,New,58
CUST03854,UK,Chicago,Female,Mobile,VIP,65
CUST03855,US,Toronto,Prefer not to say,Tablet,Returning,37
CUST03856,,Berlin,Non-binary,Mobile,Returning,18
CUST03857,DE,London,Female,Mobile,Returning,65
CUST03858,UK,LA,Non-binary,Mobile,VIP,35
CUST03859,US,Paris,Female,Desktop,Returning,55
CUST03860,UK,Chicago,Non-binary,Tablet,VIP,25
CUST03861,US,Sydney,Prefer not to say,Mobile,Returning,76
CUST03862,US,Berlin,Non-binary,Tablet,Returning,65
CUST03863,UK,Paris,Non-binary,Desktop,Returning,28
CUST03864,AU,Mexico City,Male,Mobile,New,35
CUST03865,US,New York,Non-binary,Mobile,Inactive,42
CUST03866,MX,New York,Non-binary,Mobile,Returning,18
CUST03867,AU,Sydney,Prefer not to say,Mobile,Returning,41
CUST03868,MX,Chicago,Female,Desktop,At-Risk,69
CUST03869,US,Toronto,Male,Tablet,Returning,32
CUST03870,FR,Berlin,Female,Desktop,Inactive,18
CUST03871,US,Chicago,Prefer not to say,Desktop,New,45
CUST03872,UK,New York,Male,Tablet,Returning,40
CUST03873,US,Toronto,Non-binary,Tablet,At-Risk,55
CUST03874,UK,Mexico City,Female,Tablet,New,35
CUST03875,MX,Sydney,Prefer not to say,Mobile,Returning,75
CUST03876,US,Chicago,Non-binary,Desktop,New,25
CUST03877,CA,Toronto,Female,Tablet,New,21
CUST03878,US,New York,Prefer not to say,Desktop,Inactive,71
CUST03879,US,Chicago,Prefer not to say,Tablet,Returning,74
CUST03880,CA,New York,Non-binary,Mobile,New,35
CUST03881,MX,Chicago,Male,Tablet,returning,55
CUST03882,CA,Toronto,Non-binary,Mobile,New,55
CUST03883,DE,Toronto,Female,Tablet,New,19
CUST03884,UK,Berlin,Prefer not to say,Mobile,VIP,55
CUST03885,US,Sydney,Female,Desktop,New,25
CUST03886,FR,Toronto,Prefer not to say,Desktop,New,32
CUST03887,CA,New York,Non-binary,Mobile,Inactive,45
CUST03888,US,New York,Non-binary,Mobile,New,25
CUST03889,US,New York,Prefer not to say,Tablet,Returning,25
CUST03890,CA,New York,Non-binary,Tablet,At-Risk,55
CUST03891,US,London,Non-binary,Desktop,At-Risk,28
CUST03892,DE,Berlin,Male,Mobile,New,60
CUST03893,US,LA,Male,Mobile,At-Risk,45
CUST03894,US,Toronto,Non-binary,Tablet,VIP,35
CUST03895,AU,Sydney,Non-binary,Desktop,New,53
CUST03896,MX,Mexico City,Female,Desktop,New,25
CUST03897,MX,Chicago,Male,Tablet,VIP,23
CUST03898,AU,Chicago,Male,Mobile,New,45
CUST03899,CA,New York,Non-binary,Tablet,New,19
CUST03900,UK,Paris,Prefer not to say,Desktop,VIP,35
CUST03901,FR,Paris,Male,Tablet,VIP,26
CUST03902,US,London,Prefer not to say,Tablet,New,18
CUST03903,DE,Mexico City,Male,Tablet,Returning,28
CUST03904,CA,Paris,Female,Tablet,VIP,45
CUST03905,UK,Berlin,Male,Tablet,VIP,45
CUST03906,US,Paris,Non-binary,Desktop,Returning,35
CUST03907,US,Mexico City,Male,Mobile,Returning,50
CUST03908,US,Mexico City,Male,Tablet,VIP,18
CUST03909,,Berlin,Prefer not to say,Desktop,Returning,25
CUST03910,US,New York,Female,Mobile,VIP,70
CUST03911,UK,Berlin,Male,Tablet,Returning,56
CUST03912,DE,Sydney,Male,Desktop,New,64
CUST03913,DE,Paris,Prefer not to say,Desktop,Inactive,18
CUST03914,CA,LA,Prefer not to say,Desktop,At-Risk,49
CUST03915,CA,Berlin,Prefer not to say,Mobile,Returning,65
CUST03916,UK,Sydney,Female,Tablet,Inactive,18
CUST03917,AU,Mexico City,Non-binary,Desktop,New,23
CUST03918,UK,Toronto,Male,Tablet,Returning,70
CUST03919,UK,LA,Female,Desktop,Returning,78
CUST03920,UK,New York,Male,Mobile,VIP,45
CUST03921,US,London,Non-binary,Desktop,Inactive,44
CUST03922,CA,New York,Male,Tablet,Returning,35
CUST03923,US,Paris,Prefer not to say,Mobile,At-Risk,60
CUST03924,US,Paris,Female,Mobile,Returning,42
CUST03925,UK,New York,Male,Mobile,At-Risk,25
CUST03926,US,London,Female,Mobile,New,35
CUST03927,US,Paris,Non-binary,Desktop,Inactive,45
CUST03928,UK,Toronto,Non-binary,Mobile,Returning,55
CUST03929,US,Sydney,Non-binary,Tablet,Returning,33
CUST03930,US,Chicago,Female,Desktop,New,28
CUST03931,AU,LA,Female,Desktop,Returning,47
CUST03932,UK,London,Male,Tablet,VIP,62
CUST03933,CA,Paris,Male,Tablet,Returning,20
CUST03934,US,Mexico City,Non-binary,Desktop,New,64
CUST03935,US,Toronto,Prefer not to say,Mobile,Returning,55
CUST03936,MX,Mexico City,Non-binary,Desktop,Returning,55
CUST03937,US,London,Female,Desktop,At-Risk,33
CUST03938,US,Sydney,Female,Desktop,New,65
CUST03939,US,LA,Male,Tablet,Inactive,25
CUST03940,MX,LA,Non-binary,Mobile,Returning,65
CUST03941,DE,LA,Male,Desktop,New,51
CUST03942,DE,LA,Female,Tablet,New,65
CUST03943,FR,London,Prefer not to say,Desktop,New,60
CUST03944,US,New York,Female,Desktop,New,36
CUST03945,US,LA,Male,Desktop,Returning,19
CUST03946,AU,Berlin,Male,Desktop,New,65
CUST03947,US,New York,Non-binary,Desktop,Returning,35
CUST03948,US,London,Prefer not to say,Tablet,Returning,45
CUST03949,US,Berlin,Prefer not to say,Desktop,New,22
CUST03950,US,Sydney,Non-binary,Mobile,Returning,45
CUST03951,US,Sydney,Non-binary,Desktop,New,25
CUST03952,DE,Toronto,Female,Tablet,Returning,55
CUST03953,MX,London,Male,Mobile,Inactive,80
CUST03954,CA,Paris,Male,Mobile,New,19
CUST03955,CA,Mexico City,Male,Desktop,Inactive,25
CUST03956,US,LA,Male,Tablet,At-Risk,71
CUST03957,,LA,Female,Desktop,Returning,35
CUST03958,MX,London,Prefer not to say,Desktop,New,44
CUST03959,UK,Mexico City,Prefer not to say,Tablet,Returning,55
CUST03960,DE,Mexico City,Male,Desktop,Returning,38
CUST03961,MX,New York,Prefer not to say,Desktop,New,18
CUST03962,UK,Berlin,Non-binary,Tablet,VIP,25
CUST03963,UK,LA,Prefer not to say,Mobile,New,55
CUST03964,US,New York,Female,Mobile,New,18
CUST03965,US,Paris,Prefer not to say,Desktop,Returning,35
CUST03966,FR,Paris,Non-binary,Desktop,Returning,65
CUST03967,DE,New York,Female,Tablet,returning,19
CUST03968,US,Chicago,Prefer not to say,Tablet,Returning,23
CUST03969,AU,Sydney,Prefer not to say,Mobile,VIP,50
CUST03970,DE,Chicago,Non-binary,Tablet,At-Risk,35
CUST03971,US,Berlin,Prefer not to say,Desktop,At-Risk,69
CUST03972,DE,Paris,Prefer not to say,Tablet,At-Risk,34
CUST03973,US,Toronto,Male,Desktop,New,25
CUST03974,UK,Berlin,Non-binary,Tablet,Returning,18
CUST03975,US,Chicago,Male,Tablet,Returning,44
CUST03976,CA,Mexico City,Female,Desktop,Returning,24
CUST03977,CA,Mexico City,Prefer not to say,Mobile,New,49
CUST03978,FR,Sydney,Male,Mobile,Returning,72
CUST03979,,LA,Prefer not to say,Desktop,New,65
CUST03980,US,New York,Non-binary,Mobile,Returning,35
CUST03981,US,LA,Male,Tablet,New,18
CUST03982,,Paris,Male,Tablet,Returning,41
CUST03983,CA,Mexico City,Male,Mobile,Inactive,42
CUST03984,US,Mexico City,Female,Tablet,VIP,18
CUST03985,FR,New York,Prefer not to say,Desktop,At-Risk,45
CUST03986,US,London,Male,Desktop,New,18
CUST03987,US,Berlin,Non-binary,Tablet,Inactive,65
CUST03988,US,Mexico City,Female,Mobile,Inactive,33
CUST03989,US,Paris,Non-binary,Mobile,VIP,55
CUST03990,FR,Toronto,Male,Mobile,Returning,65
CUST03991,US,Toronto,Prefer not to say,Tablet,Returning,77
CUST03992,DE,Sydney,Prefer not to say,Desktop,New,64
CUST03993,US,Toronto,Female,Desktop,VIP,58
CUST03994,FR,LA,Female,Desktop,At-Risk,45
CUST03995,UK,Berlin,Female,Mobile,New,60
CUST03996,MX,Mexico City,Non-binary,Mobile,New,42
CUST03997,MX,Paris,Male,Mobile,VIP,71
CUST03998,US,New York,Male,Desktop,Returning,20
CUST03999,US,Berlin,Male,Tablet,Returning,36
CUST04000,US,New York,Female,Desktop,Returning,45
CUST04001,US,London,Prefer not to say,Mobile,VIP,18
CUST04002,MX,Paris,Prefer not to say,Tablet,At-Risk,33
CUST04003,US,LA,Male,Mobile,Returning,41
CUST04004,FR,Sydney,Prefer not to say,Mobile,Returning,55
CUST04005,US,Sydney,Non-binary,Desktop,At-Risk,55
CUST04006,US,London,Male,Mobile,VIP,35
CUST04007,US,Sydney,Male,Mobile,Inactive,45
CUST04008,US,Sydney,Prefer not to say,Mobile,Returning,39
CUST04009,UK,Chicago,Female,Mobile,VIP,35
CUST04010,US,Toronto,Male,Tablet,Returning,37
CUST04011,US,London,Female,Tablet,Inactive,55
CUST04012,US,Mexico City,Female,Mobile,At-Risk,18
CUST04013,US,Berlin,Non-binary,Tablet,Returning,65
CUST04014,US,LA,Prefer not to say,Mobile,New,45
CUST04015,UK,LA,Prefer not to say,Tablet,New,45
CUST04016,DE,Toronto,Prefer not to say,Desktop,Returning,66
CUST04017,AU,Berlin,Male,Tablet,Returning,65
CUST04018,CA,LA,Non-binary,Tablet,New,18
CUST04019,US,Chicago,Female,Tablet,Returning,28
CUST04020,MX,Chicago,Female,Mobile,Inactive,22
CUST04021,AU,New York,Female,Tablet,Returning,65
CUST04022,FR,Sydney,Non-binary,Mobile,New,36
CUST04023,DE,Mexico City,Male,Tablet,At-Risk,28
CUST04024,MX,Paris,Prefer not to say,Tablet,New,25
CUST04025,CA,New York,Non-binary,Desktop,New,19
CUST04026,,Paris,Non-binary,Tablet,New,45
CUST04027,FR,Berlin,Male,Mobile,New,55
CUST04028,US,Chicago,Prefer not to say,Tablet,Returning,45
CUST04029,DE,LA,Non-binary,Mobile,New,25
CUST04030,DE,Paris,Male,Tablet,Returning,48
CUST04031,CA,Berlin,Female,Tablet,VIP,25
CUST04032,US,Mexico City,Male,Desktop,At-Risk,65
CUST04033,UK,London,Female,Desktop,Returning,65
CUST04034,AU,Paris,Female,Desktop,Returning,75
CUST04035,DE,LA,Male,Mobile,New,35
CUST04036,CA,Paris,Female,Desktop,Returning,43
CUST04037,UK,New York,Female,Mobile,New,55
CUST04038,DE,New York,Non-binary,Desktop,Inactive,18
CUST04039,US,Sydney,Male,Tablet,At-Risk,65
CUST04040,US,Toronto,Non-binary,Tablet,Returning,25
CUST04041,FR,Chicago,Male,Desktop,Returning,65
CUST04042,MX,Sydney,Male,Mobile,Returning,45
CUST04043,DE,London,Non-binary,Desktop,New,55
CUST04044,CA,LA,Male,Desktop,At-Risk,43
CUST04045,CA,New York,Male,Desktop,Returning,55
CUST04046,US,Mexico City,Prefer not to say,Mobile,New,25
CUST04047,CA,LA,Female,Tablet,Returning,52
CUST04048,UK,Toronto,Male,Tablet,Returning,55
CUST04049,MX,Toronto,Prefer not to say,Tablet,VIP,22
CUST04050,US,Berlin,Prefer not to say,Mobile,Inactive,65
CUST04051,UK,Mexico City,Non-binary,Mobile,Returning,76
CUST04052,UK,Mexico City,Male,Tablet,Returning,55
CUST04053,DE,Toronto,Male,Tablet,Returning,45
CUST04054,FR,Sydney,Non-binary,Tablet,Returning,18
CUST04055,CA,London,Non-binary,Desktop,Returning,41
CUST04056,MX,Chicago,Prefer not to say,Mobile,Inactive,55
CUST04057,CA,Sydney,Non-binary,Tablet,New,71
CUST04058,US,Berlin,Female,Tablet,New,65
CUST04059,FR,New York,Prefer not to say,Tablet,At-Risk,72
CUST04060,CA,Sydney,Female,Tablet,At-Risk,59
CUST04061,FR,Sydney,Non-binary,Mobile,New,59
CUST04062,UK,Sydney,Male,Tablet,New,78
CUST04063,MX,Toronto,Non-binary,Tablet,At-Risk,18
CUST04064,US,Toronto,Prefer not to say,Tablet,Returning,45
CUST04065,US,Berlin,Non-binary,Mobile,VIP,74
CUST04066,DE,Chicago,Non-binary,Tablet,Returning,55
CUST04067,US,Chicago,Prefer not to say,Desktop,At-Risk,18
CUST04068,,Berlin,Male,Desktop,VIP,35
CUST04069,DE,Chicago,Female,Mobile,New,68
CUST04070,US,Berlin,Male,Tablet,Returning,35
CUST04071,CA,Sydney,Male,Mobile,Returning,43
CUST04072,US,Toronto,Prefer not to say,Desktop,New,47
CUST04073,CA,LA,Female,Mobile,At-Risk,45
CUST04074,FR,Chicago,Prefer not to say,Tablet,New,63
CUST04075,CA,Paris,Male,Mobile,Returning,20
CUST04076,FR,New York,Non-binary,Desktop,VIP,25
CUST04077,UK,New York,Non-binary,Desktop,Returning,74
CUST04078,DE,Paris,Female,Tablet,New,37
CUST04079,UK,Mexico City,Non-binary,Mobile,Returning,49
CUST04080,UK,Toronto,Male,Desktop,At-Risk,45
CUST04081,US,Toronto,Prefer not to say,Tablet,returning,55
CUST04082,US,New York,Female,Tablet,At-Risk,45
CUST04083,DE,Berlin,Male,Desktop,Returning,45
CUST04084,US,Sydney,Male,Tablet,Returning,45
CUST04085,US,Toronto,Female,Desktop,New,25
CUST04086,UK,Chicago,Male,Desktop,Returning,52
CUST04087,UK,Toronto,Female,Tablet,New,65
CUST04088,AU,Paris,Female,Mobile,New,64
CUST04089,US,Chicago,Prefer not to say,Mobile,New,48
CUST04090,US,Sydney,Prefer not to say,Tablet,Returning,27
CUST04091,US,Mexico City,Non-binary,Desktop,New,35
CUST04092,UK,Chicago,Male,Desktop,At-Risk,33
CUST04093,AU,New York,Male,Mobile,Returning,65
CUST04094,US,Paris,Non-binary,Tablet,New,41
CUST04095,AU,New York,Prefer not to say,Tablet,Returning,39
CUST04096,MX,London,Non-binary,Mobile,Returning,35
CUST04097,UK,London,Prefer not to say,Desktop,Returning,55
CUST04098,US,London,Prefer not to say,Desktop,New,45
CUST04099,US,Mexico City,Prefer not to say,Mobile,New,49
CUST04100,MX,Chicago,Female,Desktop,New,55
CUST04101,AU,London,Male,Desktop,At-Risk,65
CUST04102,US,Mexico City,Prefer not to say,Mobile,New,53
CUST04103,UK,Toronto,Male,Tablet,New,55
CUST04104,MX,Berlin,Male,Mobile,Inactive,35
CUST04105,US,London,Female,Tablet,At-Risk,21
CUST04106,CA,LA,Prefer not to say,Mobile,VIP,70
CUST04107,US,London,Male,Tablet,Returning,55
CUST04108,US,Mexico City,Prefer not to say,Desktop,New,49
CUST04109,US,LA,Male,Desktop,Returning,18
CUST04110,CA,Mexico City,Non-binary,Tablet,New,25
CUST04111,UK,London,Prefer not to say,Mobile,New,72
CUST04112,US,New York,Male,Tablet,New,18
CUST04113,UK,New York,Female,Mobile,VIP,61
CUST04114,CA,Sydney,Female,Tablet,New,70
CUST04115,AU,New York,Male,Mobile,Returning,65
CUST04116,UK,Sydney,Non-binary,Tablet,Inactive,38
CUST04117,FR,Berlin,Female,Tablet,At-Risk,67
CUST04118,AU,London,Female,Desktop,VIP,45
CUST04119,FR,London,Female,Mobile,Returning,70
CUST04120,CA,Toronto,Prefer not to say,Desktop,Returning,24
CUST04121,US,Toronto,Prefer not to say,Desktop,New,28
CUST04122,FR,Mexico City,Male,Tablet,Returning,60
CUST04123,UK,LA,Prefer not to say,Desktop,Returning,35
CUST04124,CA,Paris,Male,Desktop,New,55
CUST04125,US,Berlin,Prefer not to say,Mobile,New,55
CUST04126,FR,London,Non-binary,Mobile,Returning,35
CUST04127,UK,London,Non-binary,Mobile,New,51
CUST04128,AU,LA,Male,Tablet,New,55
CUST04129,UK,LA,Non-binary,Desktop,At-Risk,36
CUST04130,DE,Berlin,Female,Mobile,VIP,55
CUST04131,DE,Toronto,Male,Tablet,New,53
CUST04132,US,Mexico City,Male,Mobile,New,80
CUST04133,FR,Berlin,Prefer not to say,Tablet,New,45
CUST04134,CA,Chicago,Prefer not to say,Tablet,New,43
CUST04135,US,London,Prefer not to say,Tablet,At-Risk,23
CUST04136,CA,New York,Non-binary,Mobile,Returning,50
CUST04137,US,London,Prefer not to say,Mobile,VIP,45
CUST04138,US,Berlin,Male,Desktop,New,51
CUST04139,US,Paris,Prefer not to say,Tablet,Returning,52
CUST04140,UK,Berlin,Non-binary,Desktop,New,40
CUST04141,US,Chicago,Female,Desktop,New,35
CUST04142,CA,Sydney,Non-binary,Tablet,Returning,55
CUST04143,US,Toronto,Male,Mobile,Returning,35
CUST04144,CA,Toronto,Prefer not to say,Tablet,Returning,42
CUST04145,MX,LA,Non-binary,Desktop,Inactive,18
CUST04146,AU,Toronto,Male,Desktop,VIP,25
CUST04147,CA,New York,Non-binary,Mobile,New,64
CUST04148,US,London,Female,Mobile,New,65
CUST04149,FR,Sydney,Male,Tablet,At-Risk,26
CUST04150,US,Berlin,Prefer not to say,Mobile,New,35
CUST04151,US,Mexico City,Male,Desktop,New,65
CUST04152,UK,New York,Prefer not to say,Desktop,At-Risk,55
CUST04153,CA,Mexico City,Non-binary,Tablet,Returning,40
CUST04154,CA,London,Male,Tablet,Returning,45
CUST04155,FR,Chicago,Non-binary,Mobile,VIP,55
CUST04156,UK,Paris,Male,Desktop,Returning,65
CUST04157,MX,Mexico City,Non-binary,Mobile,Inactive,58
CUST04158,AU,Sydney,Male,Desktop,Inactive,55
CUST04159,US,Chicago,Prefer not to say,Mobile,New,75
CUST04160,US,New York,Female,Desktop,New,69
CUST04161,MX,Sydney,Prefer not to say,Tablet,New,39
CUST04162,UK,Berlin,Female,Desktop,VIP,70
CUST04163,AU,Toronto,Female,Mobile,Inactive,45
CUST04164,UK,Sydney,Male,Tablet,At-Risk,25
CUST04165,FR,Toronto,Non-binary,Tablet,New,63
CUST04166,AU,Berlin,Prefer not to say,Mobile,Returning,35
CUST04167,UK,New York,Male,Desktop,Returning,48
CUST04168,UK,Sydney,Female,Mobile,VIP,35
CUST04169,AU,Chicago,Female,Tablet,VIP,73
CUST04170,CA,London,Male,Tablet,New,79
CUST04171,CA,Paris,Female,Tablet,New,35
CUST04172,FR,LA,Prefer not to say,Desktop,New,18
CUST04173,US,Paris,Non-binary,Desktop,At-Risk,35
CUST04174,US,Berlin,Prefer not to say,Tablet,Returning,55
CUST04175,UK,London,Prefer not to say,Desktop,Inactive,75
CUST04176,US,LA,Female,Desktop,New,70
CUST04177,CA,Sydney,Male,Mobile,Returning,55
CUST04178,US,Berlin,Non-binary,Mobile,Returning,65
CUST04179,UK,Mexico City,Non-binary,Mobile,VIP,45
CUST04180,AU,Toronto,Male,Tablet,New,19
CUST04181,UK,Paris,Female,Tablet,At-Risk,24
CUST04182,MX,Berlin,Male,Mobile,Returning,63
CUST04183,US,Toronto,Prefer not to say,Desktop,At-Risk,35
CUST04184,MX,Sydney,Prefer not to say,Mobile,New,46
CUST04185,CA,Paris,Non-binary,Desktop,Returning,53
CUST04186,CA,Berlin,Non-binary,Tablet,Inactive,43
CUST04187,,Toronto,Prefer not to say,Mobile,Returning,35
CUST04188,US,Mexico City,Non-binary,Desktop,New,45
CUST04189,US,Chicago,Non-binary,Mobile,Returning,58
CUST04190,US,Mexico City,Female,Mobile,Inactive,18
CUST04191,,Chicago,Male,Desktop,Returning,22
CUST04192,CA,Chicago,Male,Mobile,New,65
CUST04193,UK,London,Prefer not to say,Mobile,Returning,65
CUST04194,US,Toronto,Non-binary,Tablet,Inactive,35
CUST04195,AU,London,Non-binary,Mobile,At-Risk,21
CUST04196,DE,Paris,Female,Desktop,Inactive,25
CUST04197,CA,LA,Male,Desktop,New,18
CUST04198,CA,New York,Male,Desktop,Returning,45
CUST04199,CA,Toronto,Female,Desktop,New,20
CUST04200,US,LA,Male,Mobile,Inactive,64
CUST04201,CA,Sydney,Male,Mobile,VIP,58
CUST04202,DE,Sydney,Prefer not to say,Tablet,VIP,45
CUST04203,UK,Chicago,Male,Mobile,New,25
CUST04204,DE,Toronto,Male,Mobile,At-Risk,18
CUST04205,DE,Chicago,Male,Tablet,Returning,37
CUST04206,AU,Paris,Non-binary,Desktop,Returning,18
CUST04207,DE,New York,Female,Mobile,VIP,18
CUST04208,MX,Toronto,Male,Desktop,VIP,55
CUST04209,FR,London,Male,Desktop,Returning,45
CUST04210,US,LA,Male,Tablet,Returning,65
CUST04211,US,New York,Male,Mobile,At-Risk,35
CUST04212,US,London,Non-binary,Desktop,New,25
CUST04213,CA,Paris,Non-binary,Mobile,Returning,56
CUST04214,UK,Chicago,Non-binary,Tablet,At-Risk,41
CUST04215,US,Paris,Female,Mobile,New,25
CUST04216,FR,Mexico City,Male,Mobile,Inactive,45
CUST04217,CA,New York,Female,Tablet,At-Risk,65
CUST04218,US,Sydney,Male,Mobile,Returning,45
CUST04219,CA,Paris,Prefer not to say,Tablet,Inactive,50
CUST04220,US,New York,Male,Desktop,VIP,33
CUST04221,CA,New York,Prefer not to say,Mobile,At-Risk,55
CUST04222,UK,Chicago,Female,Desktop,New,45
CUST04223,CA,London,Non-binary,Tablet,At-Risk,62
CUST04224,UK,Chicago,Female,Desktop,Returning,25
CUST04225,DE,Mexico City,Non-binary,Tablet,New,45
CUST04226,FR,Berlin,Non-binary,Desktop,Returning,35
CUST04227,DE,Paris,Male,Mobile,At-Risk,22
CUST04228,US,Mexico City,Female,Tablet,Returning,30
CUST04229,MX,Toronto,Female,Mobile,At-Risk,62
CUST04230,CA,London,Prefer not to say,Desktop,New,65
CUST04231,MX,Sydney,Non-binary,Mobile,Returning,35
CUST04232,US,Toronto,Male,Desktop,New,25
CUST04233,DE,New York,Male,Desktop,Returning,54
CUST04234,US,London,Non-binary,Mobile,New,63
CUST04235,UK,Toronto,Prefer not to say,Mobile,VIP,18
CUST04236,MX,Paris,Male,Mobile,New,24
CUST04237,US,Paris,Male,Desktop,Returning,58
CUST04238,FR,Berlin,Non-binary,Mobile,Returning,35
CUST04239,US,London,Female,Desktop,Returning,45
CUST04240,US,London,Non-binary,Desktop,New,25
CUST04241,FR,New York,Male,Mobile,At-Risk,45
CUST04242,DE,Chicago,Female,Desktop,Returning,45
CUST04243,UK,Sydney,Non-binary,Tablet,At-Risk,53
CUST04244,FR,Sydney,Female,Desktop,Inactive,65
CUST04245,UK,New York,Non-binary,Tablet,VIP,42
CUST04246,US,LA,Prefer not to say,Tablet,New,41
CUST04247,UK,Paris,Non-binary,Mobile,New,23
CUST04248,FR,Toronto,Prefer not to say,Desktop,Returning,35
CUST04249,MX,Berlin,Non-binary,Tablet,At-Risk,31
CUST04250,DE,Paris,Prefer not to say,Tablet,New,35
CUST04251,US,Sydney,Non-binary,Desktop,At-Risk,65
CUST04252,US,New York,Male,Desktop,New,55
CUST04253,FR,London,Prefer not to say,Tablet,New,45
CUST04254,CA,Berlin,Male,Desktop,New,57
CUST04255,US,Mexico City,Prefer not to say,Tablet,Returning,25
CUST04256,US,New York,Prefer not to say,Tablet,New,18
CUST04257,FR,Berlin,Prefer not to say,Desktop,Returning,65
CUST04258,US,London,Non-binary,Mobile,At-Risk,35
CUST04259,,Toronto,Non-binary,Tablet,At-Risk,76
CUST04260,US,Chicago,Prefer not to say,Tablet,New,65
CUST04261,UK,LA,Female,Mobile,Inactive,55
CUST04262,CA,Sydney,Prefer not to say,Mobile,New,45
CUST04263,UK,LA,Prefer not to say,Mobile,New,59
CUST04264,CA,New York,Prefer not to say,Tablet,Inactive,18
CUST04265,MX,Paris,Non-binary,Desktop,New,21
CUST04266,US,Mexico City,Female,Mobile,Inactive,18
CUST04267,CA,London,Prefer not to say,Mobile,New,35
CUST04268,,Berlin,Female,Mobile,At-Risk,55
CUST04269,UK,Sydney,Prefer not to say,Mobile,Returning,39
CUST04270,UK,Berlin,Female,Mobile,Returning,18
CUST04271,US,Mexico City,Male,Tablet,VIP,76
CUST04272,UK,New York,Prefer not to say,Tablet,Inactive,59
CUST04273,US,Toronto,Female,Tablet,Returning,55
CUST04274,US,Mexico City,Female,Mobile,Returning,52
CUST04275,US,Sydney,Male,Tablet,VIP,25
CUST04276,US,New York,Prefer not to say,Tablet,Returning,25
CUST04277,US,New York,Female,Desktop,New,25
CUST04278,US,Paris,Prefer not to say,Tablet,VIP,65
CUST04279,MX,Paris,Non-binary,Mobile,New,70
CUST04280,FR,Paris,Non-binary,Desktop,At-Risk,35
CUST04281,MX,LA,Female,Tablet,VIP,36
CUST04282,CA,Berlin,Male,Mobile,Returning,45
CUST04283,US,Paris,Female,Desktop,New,28
CUST04284,US,Paris,Non-binary,Desktop,At-Risk,25
CUST04285,US,New York,Prefer not to say,Desktop,New,28
CUST04286,US,Mexico City,Non-binary,Mobile,New,40
CUST04287,UK,Berlin,Male,Mobile,VIP,51
CUST04288,US,New York,Male,Tablet,At-Risk,51
CUST04289,MX,Paris,Female,Mobile,Inactive,78
CUST04290,US,Chicago,Female,Tablet,Inactive,25
CUST04291,MX,Mexico City,Female,Desktop,At-Risk,25
CUST04292,FR,Toronto,Male,Mobile,New,25
CUST04293,AU,New York,Male,Tablet,VIP,65
CUST04294,FR,New York,Female,Tablet,New,25
CUST04295,US,Toronto,Male,Tablet,New,25
CUST04296,US,Paris,Male,Mobile,New,55
CUST04297,UK,London,Prefer not to say,Mobile,Inactive,65
CUST04298,UK,Berlin,Male,Desktop,Returning,65
CUST04299,FR,Paris,Non-binary,Desktop,Returning,54
CUST04300,CA,Chicago,Male,Desktop,VIP,43
CUST04301,UK,Chicago,Prefer not to say,Desktop,Returning,25
CUST04302,AU,Sydney,Female,Tablet,Returning,25
CUST04303,UK,Toronto,Non-binary,Tablet,Returning,64
CUST04304,UK,New York,Female,Tablet,Returning,25
CUST04305,UK,Toronto,Female,Mobile,VIP,65
CUST04306,US,Berlin,Prefer not to say,Desktop,Returning,18
CUST04307,FR,Chicago,Non-binary,Mobile,VIP,65
CUST04308,AU,New York,Prefer not to say,Tablet,Returning,74
CUST04309,UK,London,Prefer not to say,Mobile,Returning,49
CUST04310,,New York,Female,Tablet,Returning,65
CUST04311,US,Chicago,Male,Desktop,Returning,53
CUST04312,US,Toronto,Prefer not to say,Mobile,Returning,69
CUST04313,,London,Male,Mobile,Inactive,36
CUST04314,CA,Berlin,Prefer not to say,Tablet,New,65
CUST04315,US,Sydney,Female,Mobile,New,48
CUST04316,US,Sydney,Female,Desktop,New,73
CUST04317,FR,Berlin,Prefer not to say,Tablet,Inactive,65
CUST04318,AU,Chicago,Female,Desktop,At-Risk,75
CUST04319,CA,LA,Prefer not to say,Tablet,New,55
CUST04320,DE,New York,Non-binary,Tablet,New,21
CUST04321,AU,Sydney,Female,Tablet,New,65
CUST04322,CA,Mexico City,Female,Tablet,At-Risk,47
CUST04323,DE,London,Male,Desktop,Returning,44
CUST04324,FR,Sydney,Male,Desktop,Returning,18
CUST04325,FR,Mexico City,Male,Mobile,Returning,43
CUST04326,US,Paris,Non-binary,Desktop,New,67
CUST04327,AU,Mexico City,Male,Tablet,Returning,25
CUST04328,US,New York,Non-binary,Desktop,Inactive,62
CUST04329,UK,London,Prefer not to say,Desktop,Returning,25
CUST04330,UK,Sydney,Non-binary,Mobile,New,60
CUST04331,US,Mexico City,Non-binary,Tablet,At-Risk,60
CUST04332,MX,New York,Female,Mobile,VIP,25
CUST04333,FR,Paris,Non-binary,Desktop,At-Risk,55
CUST04334,US,London,Female,Desktop,Inactive,35
CUST04335,DE,LA,Female,Mobile,New,35
CUST04336,US,LA,Male,Tablet,Returning,25
CUST04337,CA,London,Prefer not to say,Desktop,Returning,43
CUST04338,US,London,Prefer not to say,Desktop,Returning,30
CUST04339,US,LA,Prefer not to say,Mobile,VIP,65
CUST04340,CA,Toronto,Prefer not to say,Tablet,Inactive,18
CUST04341,MX,LA,Male,Mobile,Returning,67
CUST04342,CA,Toronto,Female,Desktop,Returning,55
CUST04343,AU,New York,Male,Mobile,VIP,67
CUST04344,AU,New York,Female,Tablet,At-Risk,18
CUST04345,UK,New York,Male,Mobile,New,19
CUST04346,UK,LA,Non-binary,Tablet,Inactive,23
CUST04347,US,LA,Female,Desktop,New,55
CUST04348,US,LA,Female,Tablet,Returning,36
CUST04349,US,Sydney,Male,Desktop,Returning,55
CUST04350,FR,Chicago,Female,Tablet,Returning,35
CUST04351,US,LA,Prefer not to say,Mobile,Inactive,45
CUST04352,US,Toronto,Non-binary,Tablet,New,25
CUST04353,US,London,Male,Tablet,At-Risk,55
CUST04354,FR,Sydney,Prefer not to say,Desktop,Inactive,18
CUST04355,MX,London,Male,Desktop,VIP,25
CUST04356,AU,Chicago,Male,Tablet,Inactive,25
CUST04357,DE,Paris,Non-binary,Desktop,Inactive,35
CUST04358,,New York,Male,Tablet,Returning,18
CUST04359,AU,Toronto,Female,Mobile,At-Risk,26
CUST04360,CA,Mexico City,Prefer not to say,Tablet,At-Risk,58
CUST04361,MX,London,Non-binary,Tablet,New,25
CUST04362,AU,LA,Male,Tablet,VIP,55
CUST04363,DE,New York,Non-binary,Desktop,At-Risk,54
CUST04364,US,New York,Female,Desktop,New,18
CUST04365,MX,Mexico City,Male,Desktop,At-Risk,44
CUST04366,US,Sydney,Male,Desktop,VIP,59
CUST04367,CA,London,Non-binary,Tablet,Returning,45
CUST04368,MX,Berlin,Male,Desktop,Returning,18
CUST04369,UK,Paris,Female,Tablet,Returning,39
CUST04370,CA,Sydney,Non-binary,Mobile,VIP,62
CUST04371,CA,New York,Non-binary,Tablet,VIP,25
CUST04372,UK,Toronto,Non-binary,Desktop,New,45
CUST04373,US,Toronto,Male,Mobile,At-Risk,55
CUST04374,US,Paris,Male,Desktop,Inactive,63
CUST04375,,New York,Female,Tablet,Returning,55
CUST04376,UK,Paris,Prefer not to say,Mobile,New,45
CUST04377,MX,Toronto,Non-binary,Tablet,New,48
CUST04378,MX,Paris,Prefer not to say,Tablet,Returning,55
CUST04379,CA,Sydney,Prefer not to say,Tablet,New,45
CUST04380,US,Sydney,Female,Mobile,At-Risk,35
CUST04381,CA,Toronto,Non-binary,Mobile,New,28
CUST04382,US,Mexico City,Non-binary,Tablet,Returning,20
CUST04383,US,New York,Non-binary,Mobile,Returning,18
CUST04384,AU,LA,Female,Tablet,Returning,34
CUST04385,CA,Toronto,Non-binary,Tablet,New,48
CUST04386,US,LA,Male,Tablet,VIP,73
CUST04387,CA,Toronto,Male,Desktop,At-Risk,35
CUST04388,US,Mexico City,Prefer not to say,Tablet,At-Risk,35
CUST04389,US,Sydney,Prefer not to say,Tablet,At-Risk,65
CUST04390,AU,Chicago,Male,Mobile,New,35
CUST04391,,Mexico City,Male,Tablet,New,18
CUST04392,US,Chicago,Non-binary,Mobile,Returning,65
CUST04393,UK,Paris,Female,Tablet,At-Risk,56
CUST04394,UK,Berlin,Female,Desktop,Inactive,50
CUST04395,UK,Chicago,Female,Tablet,Inactive,56
CUST04396,,Chicago,Female,Tablet,Returning,35
CUST04397,US,Mexico City,Female,Tablet,At-Risk,21
CUST04398,US,Toronto,Female,Tablet,Returning,35
CUST04399,US,Sydney,Prefer not to say,Desktop,Returning,35
CUST04400,US,Mexico City,Prefer not to say,Desktop,returning,58
CUST04401,UK,Chicago,Male,Tablet,New,45
CUST04402,US,Toronto,Prefer not to say,Tablet,At-Risk,65
CUST04403,US,Chicago,Prefer not to say,Mobile,At-Risk,44
CUST04404,US,LA,Non-binary,Desktop,At-Risk,45
CUST04405,US,LA,Non-binary,Desktop,At-Risk,21
CUST04406,DE,Berlin,Prefer not to say,Desktop,Inactive,45
CUST04407,US,Sydney,Male,Mobile,At-Risk,55
CUST04408,US,Sydney,Female,Tablet,At-Risk,33
CUST04409,US,New York,Female,Tablet,New,18
CUST04410,CA,Berlin,Non-binary,Tablet,Returning,56
CUST04411,US,Mexico City,Male,Desktop,Returning,68
CUST04412,AU,Chicago,Prefer not to say,Tablet,New,32
CUST04413,MX,Sydney,Non-binary,Tablet,Returning,31
CUST04414,US,Chicago,Female,Tablet,New,18
CUST04415,US,Sydney,Female,Tablet,New,49
CUST04416,US,London,Prefer not to say,Desktop,Returning,45
CUST04417,US,Paris,Prefer not to say,Desktop,New,45
CUST04418,US,Sydney,Prefer not to say,Tablet,VIP,24
CUST04419,US,Chicago,Female,Mobile,At-Risk,18
CUST04420,MX,Mexico City,Non-binary,Desktop,New,55
CUST04421,AU,Toronto,Male,Desktop,Returning,25
CUST04422,DE,New York,Prefer not to say,Desktop,Returning,49
CUST04423,CA,Toronto,Male,Mobile,returning,55
CUST04424,CA,Mexico City,Non-binary,Tablet,Inactive,32
CUST04425,US,Paris,Non-binary,Mobile,VIP,56
CUST04426,US,Toronto,Prefer not to say,Tablet,At-Risk,18
CUST04427,AU,Toronto,Prefer not to say,Desktop,Returning,23
CUST04428,US,Berlin,Non-binary,Desktop,Returning,74
CUST04429,AU,London,Female,Mobile,Returning,35
CUST04430,DE,Toronto,Prefer not to say,Mobile,Inactive,26
CUST04431,CA,Sydney,Prefer not to say,Desktop,Returning,55
CUST04432,UK,Toronto,Non-binary,Tablet,Returning,45
CUST04433,CA,LA,Non-binary,Mobile,Returning,18
CUST04434,UK,London,Female,Desktop,Returning,65
CUST04435,US,New York,Prefer not to say,Desktop,Returning,27
CUST04436,US,Toronto,Male,Desktop,New,18
CUST04437,CA,Toronto,Prefer not to say,Desktop,New,35
CUST04438,US,New York,Male,Mobile,Inactive,35
CUST04439,MX,Paris,Non-binary,Desktop,At-Risk,18
CUST04440,CA,LA,Non-binary,Desktop,Inactive,70
CUST04441,US,Paris,Prefer not to say,Tablet,Returning,45
CUST04442,US,Paris,Male,Mobile,Returning,18
CUST04443,UK,Toronto,Female,Mobile,Returning,25
CUST04444,DE,Chicago,Non-binary,Desktop,Returning,62
CUST04445,FR,Sydney,Female,Mobile,Returning,67
CUST04446,US,Berlin,Non-binary,Tablet,New,18
CUST04447,FR,Chicago,Prefer not to say,Mobile,New,54
CUST04448,UK,Mexico City,Prefer not to say,Mobile,Returning,35
CUST04449,FR,Berlin,Prefer not to say,Desktop,Returning,55
CUST04450,US,Paris,Non-binary,Desktop,Inactive,65
CUST04451,US,Sydney,Prefer not to say,Desktop,New,50
CUST04452,DE,London,Non-binary,Tablet,At-Risk,53
CUST04453,MX,London,Prefer not to say,Tablet,New,55
CUST04454,FR,Sydney,Non-binary,Desktop,New,65
CUST04455,US,Berlin,Female,Desktop,New,35
CUST04456,FR,London,Prefer not to say,Desktop,Returning,18
CUST04457,DE,New York,Female,Desktop,Returning,35
CUST04458,UK,Sydney,Male,Desktop,At-Risk,18
CUST04459,US,Paris,Female,Mobile,Returning,66
CUST04460,US,London,Male,Tablet,Returning,45
CUST04461,UK,New York,Non-binary,Mobile,Returning,29
CUST04462,US,London,Male,Desktop,At-Risk,26
CUST04463,MX,Mexico City,Prefer not to say,Tablet,Returning,44
CUST04464,US,Sydney,Non-binary,Tablet,Inactive,40
CUST04465,MX,Toronto,Female,Mobile,VIP,45
CUST04466,DE,Berlin,Female,Mobile,New,52
CUST04467,US,New York,Female,Tablet,At-Risk,21
CUST04468,UK,Berlin,Male,Desktop,New,55
CUST04469,DE,Sydney,Female,Tablet,Returning,49
CUST04470,MX,Toronto,Non-binary,Desktop,New,24
CUST04471,CA,Mexico City,Female,Desktop,Inactive,65
CUST04472,FR,New York,Female,Desktop,New,66
CUST04473,UK,Sydney,Male,Desktop,Returning,46
CUST04474,UK,Chicago,Female,Mobile,Inactive,79
CUST04475,US,Chicago,Female,Desktop,Returning,30
CUST04476,DE,London,Male,Tablet,Returning,65
CUST04477,UK,Sydney,Male,Desktop,Inactive,45
CUST04478,US,New York,Prefer not to say,Tablet,Returning,45
CUST04479,MX,New York,Prefer not to say,Tablet,New,35
CUST04480,FR,London,Female,Mobile,Returning,35
CUST04481,CA,Berlin,Non-binary,Tablet,New,51
CUST04482,CA,Chicago,Male,Tablet,New,55
CUST04483,UK,Mexico City,Female,Tablet,At-Risk,62
CUST04484,US,Paris,Prefer not to say,Tablet,Inactive,68
CUST04485,UK,London,Male,Tablet,Inactive,35
CUST04486,CA,New York,Female,Mobile,Returning,71
CUST04487,UK,Paris,Male,Tablet,At-Risk,67
CUST04488,MX,New York,Male,Tablet,Returning,60
CUST04489,FR,Paris,Prefer not to say,Mobile,At-Risk,18
CUST04490,US,Paris,Non-binary,Desktop,Returning,33
CUST04491,US,LA,Non-binary,Desktop,Returning,45
CUST04492,FR,Chicago,Male,Mobile,New,45
CUST04493,CA,Berlin,Male,Mobile,New,25
CUST04494,US,Chicago,Male,Tablet,returning,65
CUST04495,US,LA,Male,Tablet,Returning,22
CUST04496,CA,Sydney,Female,Tablet,New,59
CUST04497,DE,Mexico City,Female,Desktop,At-Risk,45
CUST04498,FR,Mexico City,Male,Desktop,Returning,65
CUST04499,US,Toronto,Female,Desktop,New,49
CUST04500,DE,LA,Non-binary,Mobile,At-Risk,36
CUST04501,US,Toronto,Female,Tablet,Returning,35
CUST04502,DE,Sydney,Prefer not to say,Mobile,VIP,65
CUST04503,US,Sydney,Female,Mobile,At-Risk,35
CUST04504,,Toronto,Non-binary,Mobile,Returning,55
CUST04505,MX,Chicago,Male,Tablet,Returning,18
CUST04506,US,Paris,Non-binary,Mobile,Returning,25
CUST04507,US,Toronto,Female,Desktop,At-Risk,35
CUST04508,UK,Chicago,Female,Tablet,Inactive,55
CUST04509,CA,Paris,Non-binary,Tablet,VIP,35
CUST04510,FR,Berlin,Prefer not to say,Tablet,New,45
CUST04511,US,LA,Male,Desktop,New,25
CUST04512,FR,Chicago,Male,Mobile,New,25
CUST04513,US,Paris,Female,Desktop,New,25
CUST04514,MX,Toronto,Non-binary,Mobile,VIP,18
CUST04515,FR,Toronto,Non-binary,Desktop,Returning,45
CUST04516,US,Paris,Female,Desktop,Returning,45
CUST04517,CA,London,Male,Mobile,New,45
CUST04518,UK,Sydney,Prefer not to say,Tablet,New,35
CUST04519,UK,Mexico City,Male,Mobile,Returning,18
CUST04520,US,Chicago,Female,Mobile,Returning,65
CUST04521,US,New York,Male,Desktop,VIP,25
CUST04522,US,Paris,Non-binary,Desktop,New,35
CUST04523,UK,Chicago,Non-binary,Desktop,At-Risk,45
CUST04524,CA,Sydney,Non-binary,Mobile,New,65
CUST04525,US,Paris,Prefer not to say,Mobile,Returning,35
CUST04526,US,Toronto,Female,Tablet,Returning,65
CUST04527,US,London,Prefer not to say,Desktop,New,25
CUST04528,UK,Mexico City,Prefer not to say,Desktop,New,65
CUST04529,AU,London,Prefer not to say,Tablet,Returning,65
CUST04530,CA,Berlin,Male,Tablet,VIP,65
CUST04531,FR,Mexico City,Male,Tablet,Returning,55
CUST04532,US,Paris,Female,Tablet,Returning,25
CUST04533,UK,Mexico City,Male,Mobile,New,55
CUST04534,US,Berlin,Prefer not to say,Tablet,New,18
CUST04535,CA,Mexico City,Non-binary,Mobile,Returning,55
CUST04536,US,Chicago,Non-binary,Tablet,At-Risk,25
CUST04537,US,Berlin,Male,Desktop,Inactive,65
CUST04538,FR,LA,Non-binary,Mobile,Returning,25
CUST04539,CA,LA,Non-binary,Desktop,Inactive,65
CUST04540,UK,Berlin,Female,Mobile,At-Risk,55
CUST04541,US,Mexico City,Non-binary,Tablet,Returning,25
CUST04542,CA,Sydney,Female,Mobile,New,45
CUST04543,US,Sydney,Prefer not to say,Tablet,New,65
CUST04544,CA,Mexico City,Male,Tablet,New,55
CUST04545,US,Paris,Prefer not to say,Mobile,At-Risk,35
CUST04546,UK,London,Prefer not to say,Mobile,New,55
CUST04547,US,Chicago,Female,Desktop,New,55
CUST04548,US,New York,Non-binary,Mobile,VIP,45
CUST04549,MX,Sydney,Male,Mobile,New,25
CUST04550,CA,Mexico City,Prefer not to say,Desktop,VIP,45
